efficiency,dark count rate,jitter,entropy production,entropy rate,machine_efficiency,d_l,e_max,e_s,TH,TC,g_sl,g_ml,e_C,e_C_factor,t_f,t_steps,rateM,rateD,rateB,Tb,Td,k,Tb_indep_flag,Td_indep_flag,Td_eq_Tb_flag,e_l,TV
0.49095670800757085,0.009671183674508178,10.147260535603975,1.3780376014812983,0.09545720260021755,0.7692307692307693,3,1,0.1,5674535530486825.0,0.3,1,1,0.27,0.3,3000,3000,1,1,0.8,0.1,0.1,1,True,True,True,0.9,-1
0.4701804592348209,0.012853922438125177,10.164613448015693,1.3883678823006307,0.08581962230074094,0.7692307692307693,3,1,0.1,5674535530486825.0,0.3,1,1,0.27,0.3,3000,3000,1,1,0.8,0.11836734693877551,0.11836734693877551,1,True,True,True,0.9,-1
0.4515244486565665,0.015742990341787666,10.18351890297947,1.3967639100085134,0.07705280988256756,0.7692307692307693,3,1,0.1,5674535530486825.0,0.3,1,1,0.27,0.3,3000,3000,1,1,0.8,0.13673469387755102,0.13673469387755102,1,True,True,True,0.9,-1
0.4351088184242873,0.018309870757290535,10.202430154894174,1.4034225757477694,0.06924825358143252,0.7692307692307693,3,1,0.1,5674535530486825.0,0.3,1,1,0.27,0.3,3000,3000,1,1,0.8,0.15510204081632656,0.15510204081632656,1,True,True,True,0.9,-1
0.4207659982699381,0.020571362860780096,10.219812999791058,1.4086410613543288,0.06235884703604876,0.7692307692307693,3,1,0.1,5674535530486825.0,0.3,1,1,0.27,0.3,3000,3000,1,1,0.8,0.17346938775510207,0.17346938775510207,1,True,True,True,0.9,-1
0.408236946889185,0.02255981183322521,10.234042924007998,1.4126903133639832,0.056287827787853455,0.7692307692307693,3,1,0.1,5674535530486825.0,0.3,1,1,0.27,0.3,3000,3000,1,1,0.8,0.19183673469387758,0.19183673469387758,1,True,True,True,0.9,-1
0.397253214640659,0.02430999102641729,10.243322538697845,1.4157757547800136,0.05092832165997655,0.7692307692307693,3,1,0.1,5674535530486825.0,0.3,1,1,0.27,0.3,3000,3000,1,1,0.8,0.21020408163265308,0.21020408163265308,1,True,True,True,0.9,-1
0.38756787076069205,0.025853865734737327,10.24567898653623,1.4180336334906511,0.04617960557570979,0.7692307692307693,3,1,0.1,5674535530486825.0,0.3,1,1,0.27,0.3,3000,3000,1,1,0.8,0.2285714285714286,0.2285714285714286,1,True,True,True,0.9,-1
0.37896481872502646,0.027218936018165985,10.23904147960344,1.4195411371908153,0.041952818036543445,0.7692307692307693,3,1,0.1,5674535530486825.0,0.3,1,1,0.27,0.3,3000,3000,1,1,0.8,0.2469387755102041,0.2469387755102041,1,True,True,True,0.9,-1
0.3712595076631298,0.02842813171536861,10.221370385619574,1.4203310647736809,0.038172043418988263,0.7692307692307693,3,1,0.1,5674535530486825.0,0.3,1,1,0.27,0.3,3000,3000,1,1,0.8,0.2653061224489796,0.2653061224489796,1,True,True,True,0.9,-1
0.3642965449439773,0.02950031770258658,10.190803761238092,1.4204069699376551,0.034773486750292265,0.7692307692307693,3,1,0.1,5674535530486825.0,0.3,1,1,0.27,0.3,3000,3000,1,1,0.8,0.2836734693877551,0.2836734693877551,1,True,True,True,0.9,-1
0.357946436253671,0.03045097839910276,10.145793163968206,1.4197568552072042,0.031703972695587244,0.7692307692307693,3,1,0.1,5674535530486825.0,0.3,1,1,0.27,0.3,3000,3000,1,1,0.8,0.3020408163265306,0.3020408163265306,1,True,True,True,0.9,-1
0.35210228831723095,0.0312928921935045,10.08520987988565,1.4183645099294415,0.028919317863969996,0.7692307692307693,3,1,0.1,5674535530486825.0,0.3,1,1,0.27,0.3,3000,3000,1,1,0.8,0.3204081632653062,0.3204081632653062,1,True,True,True,0.9,-1
0.34667674196684223,0.032036721102824295,10.00841161520516,1.4162181330525514,0.026382808004427584,0.7692307692307693,3,1,0.1,5674535530486825.0,0.3,1,1,0.27,0.3,3000,3000,1,1,0.8,0.3387755102040817,0.3387755102040817,1,True,True,True,0.9,-1
0.3415991886558703,0.03269149473116053,9.915267005102608,1.4133162172000626,0.02406386439201918,0.7692307692307693,3,1,0.1,5674535530486825.0,0.3,1,1,0.27,0.3,3000,3000,1,1,0.8,0.3571428571428572,0.3571428571428572,1,True,True,True,0.9,-1
0.3368132557308249,0.03326499176557645,9.806140806300865,1.409670894988757,0.021936916460009098,0.7692307692307693,3,1,0.1,5674535530486825.0,0.3,1,1,0.27,0.3,3000,3000,1,1,0.8,0.3755102040816327,0.3755102040816327,1,True,True,True,0.9,-1
0.3322745350017566,0.03376403198508672,9.681846434616787,1.4053091000753974,0.01998046851556661,0.7692307692307693,3,1,0.1,5674535530486825.0,0.3,1,1,0.27,0.3,3000,3000,1,1,0.8,0.3938775510204082,0.3938775510204082,1,True,True,True,0.9,-1
0.3279485365710133,0.034194694540672685,9.543574695238773,1.4002719872763423,0.018176337269238004,0.7692307692307693,3,1,0.1,5674535530486825.0,0.3,1,1,0.27,0.3,3000,3000,1,1,0.8,0.41224489795918373,0.41224489795918373,1,True,True,True,0.9,-1
0.3238088593739527,0.03456247782430267,9.392808284924586,1.3946130935095788,0.016509034304691046,0.7692307692307693,3,1,0.1,5674535530486825.0,0.3,1,1,0.27,0.3,3000,3000,1,1,0.8,0.43061224489795924,0.43061224489795924,1,True,True,True,0.9,-1
0.31983557568686216,0.03487241445046387,9.231231159735396,1.388395709992396,0.014965268828774215,0.7692307692307693,3,1,0.1,5674535530486825.0,0.3,1,1,0.27,0.3,3000,3000,1,1,0.8,0.44897959183673475,0.44897959183673475,1,True,True,True,0.9,-1
0.316013827964796,0.03512915264938489,9.060640485641649,1.3816898855484494,0.013533548784023554,0.7692307692307693,3,1,0.1,5674535530486825.0,0.3,1,1,0.27,0.3,3000,3000,1,1,0.8,0.46734693877551026,0.46734693877551026,1,True,True,True,0.9,-1
0.31233263382241916,0.035337013161981595,8.882866995239311,1.3745694038404819,0.01220386157431422,0.7692307692307693,3,1,0.1,5674535530486825.0,0.3,1,1,0.27,0.3,3000,3000,1,1,0.8,0.48571428571428577,0.48571428571428577,1,True,True,True,0.9,-1
0.30878389043818344,0.035500028733036135,8.69970752048658,1.3671089878475766,0.010967418738628635,0.7692307692307693,3,1,0.1,5674535530486825.0,0.3,1,1,0.27,0.3,3000,3000,1,1,0.8,0.5040816326530613,0.5040816326530613,1,True,True,True,0.9,-1
0.3053615647212217,0.03562197159694848,8.5128715496426,1.359381895644313,0.00981645169172342,0.7692307692307693,3,1,0.1,5674535530486825.0,0.3,1,1,0.27,0.3,3000,3000,1,1,0.8,0.5224489795918368,0.5224489795918368,1,True,True,True,0.9,-1
0.3020610513784543,0.03570637295187701,8.323942059710106,1.3514579920995926,0.008744048062229833,0.7692307692307693,3,1,0.1,5674535530486825.0,0.3,1,1,0.27,0.3,3000,3000,1,1,0.8,0.5408163265306123,0.5408163265306123,1,True,True,True,0.9,-1
0.29887867819424163,0.0357565373038704,8.134349695868172,1.343402317217302,0.007744020195754571,0.7692307692307693,3,1,0.1,5674535530486825.0,0.3,1,1,0.27,0.3,3000,3000,1,1,0.8,0.5591836734693878,0.5591836734693878,1,True,True,True,0.9,-1
0.2958113365774501,0.035775553698717384,7.9453586143375,1.33527412555434,0.006810799081321632,0.7692307692307693,3,1,0.1,5674535530486825.0,0.3,1,1,0.27,0.3,3000,3000,1,1,0.8,0.5775510204081633,0.5775510204081633,1,True,True,True,0.9,-1
0.29285621561684505,0.0357663052065149,7.758061924675164,1.327126341712495,0.0059393483445215,0.7692307692307693,3,1,0.1,5674535530486825.0,0.3,1,1,0.27,0.3,3000,3000,1,1,0.8,0.5959183673469388,0.5959183673469388,1,True,True,True,0.9,-1
0.29001061920788923,0.03573147754330465,7.573384580993457,1.3190053617604254,0.005125094073355792,0.7692307692307693,3,1,0.1,5674535530486825.0,0.3,1,1,0.27,0.3,3000,3000,1,1,0.8,0.6142857142857143,0.6142857142857143,1,True,True,True,0.9,-1
0.2872718479057608,0.03567356736959498,7.392091690615897,1.3109511262631035,0.00436386714454773,0.7692307692307693,3,1,0.1,5674535530486825.0,0.3,1,1,0.27,0.3,3000,3000,1,1,0.8,0.6326530612244898,0.6326530612244898,1,True,True,True,0.9,-1
0.2846371296637171,0.03559489056588576,7.2148004521000955,1.302997393968803,0.0036518554369974793,0.7692307692307693,3,1,0.1,5674535530486825.0,0.3,1,1,0.27,0.3,3000,3000,1,1,0.8,0.6510204081632653,0.6510204081632653,1,True,True,True,0.9,-1
0.282103586244428,0.03549759062424626,7.041994236809443,1.2951721531509097,0.0029855638882280993,0.7692307692307693,3,1,0.1,5674535530486825.0,0.3,1,1,0.27,0.3,3000,3000,1,1,0.8,0.6693877551020408,0.6693877551020408,1,True,True,True,0.9,-1
0.2796682246255516,0.03538364719152433,6.874037641514809,1.2874981177483706,0.0023617807978071888,0.7692307692307693,3,1,0.1,5674535530486825.0,0.3,1,1,0.27,0.3,3000,3000,1,1,0.8,0.6877551020408164,0.6877551020408164,1,True,True,True,0.9,-1
0.27732794502525754,0.0352548847373179,6.711191632932419,1.279993266113013,0.0017775491327382956,0.7692307692307693,3,1,0.1,5674535530486825.0,0.3,1,1,0.27,0.3,3000,3000,1,1,0.8,0.7061224489795919,0.7061224489795919,1,True,True,True,0.9,-1
0.27507955917304777,0.03511298128586526,6.553628161367807,1.2726713902538038,0.0012301418636271534,0.7692307692307693,3,1,0.1,5674535530486825.0,0.3,1,1,0.27,0.3,3000,3000,1,1,0.8,0.7244897959183674,0.7244897959183674,1,True,True,True,0.9,-1
0.27291981412252353,0.03495947713614324,6.401443832652969,1.2655426323552224,0.0007170405733501852,0.7692307692307693,3,1,0.1,5674535530486825.0,0.3,1,1,0.27,0.3,3000,3000,1,1,0.8,0.7428571428571429,0.7428571428571429,1,True,True,True,0.9,-1
0.2708454182546564,0.03479578349189726,6.254672395030157,1.2586139927763016,0.00023591674499689788,0.7692307692307693,3,1,0.1,5674535530486825.0,0.3,1,1,0.27,0.3,3000,3000,1,1,0.8,0.7612244897959184,0.7612244897959184,1,True,True,True,0.9,-1
0.2688530671817246,0.03462319092825627,6.113295924295636,1.2518897996770824,-0.00021538473634336378,0.7692307692307693,3,1,0.1,5674535530486825.0,0.3,1,1,0.27,0.3,3000,3000,1,1,0.8,0.7795918367346939,0.7795918367346939,1,True,True,True,0.9,-1
0.266939468072772,0.03444287763065378,5.977254682138123,1.2453721349820004,-0.0006388602346549804,0.7692307692307693,3,1,0.1,5674535530486825.0,0.3,1,1,0.27,0.3,3000,3000,1,1,0.8,0.7979591836734694,0.7979591836734694,1,True,True,True,0.9,-1
0.2651013615234514,0.03425591735276043,5.846455685574074,1.2390612147560085,-0.0010363604572964213,0.7692307692307693,3,1,0.1,5674535530486825.0,0.3,1,1,0.27,0.3,3000,3000,1,1,0.8,0.8163265306122449,0.8163265306122449,1,True,True,True,0.9,-1
0.26333554052683716,0.034063287051556826,5.720780065867476,1.2329557244456637,-0.0014096022239471334,0.7692307692307693,3,1,0.1,5674535530486825.0,0.3,1,1,0.27,0.3,3000,3000,1,1,0.8,0.8346938775510204,0.8346938775510204,1,True,True,True,0.9,-1
0.26163886640380085,0.0338658741686572,5.600089318808299,1.2270531110262803,-0.0017601790959606597,0.7692307692307693,3,1,0.1,5674535530486825.0,0.3,1,1,0.27,0.3,3000,3000,1,1,0.8,0.8530612244897959,0.8530612244897959,1,True,True,True,0.9,-1
0.26000828175309043,0.03366448353699798,5.484230559327457,1.2213498350805285,-0.002089571016561176,0.7692307692307693,3,1,0.1,5674535530486825.0,0.3,1,1,0.27,0.3,3000,3000,1,1,0.8,0.8714285714285714,0.8714285714285714,1,True,True,True,0.9,-1
0.25844082060784745,0.03345984390079805,5.373040895861118,1.215841586368105,-0.0023991530847933726,0.7692307692307693,3,1,0.1,5674535530486825.0,0.3,1,1,0.27,0.3,3000,3000,1,1,0.8,0.889795918367347,0.889795918367347,1,True,True,True,0.9,-1
0.2569336160576396,0.03325261404416808,5.26635103652971,1.2105234666575753,-0.0026902035647117842,0.7692307692307693,3,1,0.1,5674535530486825.0,0.3,1,1,0.27,0.3,3000,3000,1,1,0.8,0.9081632653061225,0.9081632653061225,1,True,True,True,0.9,-1
0.25548390562918155,0.03304338852994398,5.16398823224276,1.205390143580518,-0.0029639112144844073,0.7692307692307693,3,1,0.1,5674535530486825.0,0.3,1,1,0.27,0.3,3000,3000,1,1,0.8,0.926530612244898,0.926530612244898,1,True,True,True,0.9,-1
0.2540890347268091,0.03283270305530377,5.065778652860593,1.2004359791103152,-0.0032213820068107265,0.7692307692307693,3,1,0.1,5674535530486825.0,0.3,1,1,0.27,0.3,3000,3000,1,1,0.8,0.9448979591836735,0.9448979591836735,1,True,True,True,0.9,-1
0.25274645842488175,0.03262103943462846,4.971549282660739,1.19565513602188,-0.0034636453015482057,0.7692307692307693,3,1,0.1,5674535530486825.0,0.3,1,1,0.27,0.3,3000,3000,1,1,0.8,0.963265306122449,0.963265306122449,1,True,True,True,0.9,-1
0.2514537418846967,0.03240883022303202,4.881129411328394,1.191041665393675,-0.0036916595229840392,0.7692307692307693,3,1,0.1,5674535530486825.0,0.3,1,1,0.27,0.3,3000,3000,1,1,0.8,0.9816326530612246,0.9816326530612246,1,True,True,True,0.9,-1
0.2502085596436207,0.03219646299611712,4.794351787010914,1.1865895779006905,-0.003906317387382272,0.7692307692307693,3,1,0.1,5674535530486825.0,0.3,1,1,0.27,0.3,3000,3000,1,1,0.8,1.0,1.0,1,True,True,True,0.9,-1
0.4915552829761699,0.0060974941199823185,16.99363946457754,1.3854018110726294,0.06018391865506646,0.6832298136645962,3,1,0.1,1.3999999999999997,0.3,1,1,0.27,0.3,3000,3000,1,1,0.8,0.1,0.1,1,True,True,True,0.9,-2
0.47092739842201575,0.00810764924895373,17.0261484407286,1.394347095623617,0.054130978278534955,0.6832298136645962,3,1,0.1,1.3999999999999997,0.3,1,1,0.27,0.3,3000,3000,1,1,0.8,0.11836734693877551,0.11836734693877551,1,True,True,True,0.9,-2
0.45238598627088056,0.009933762993359824,17.06055638408875,1.4015534889419132,0.048620010222207466,0.6832298136645962,3,1,0.1,1.3999999999999997,0.3,1,1,0.27,0.3,3000,3000,1,1,0.8,0.13673469387755102,0.13673469387755102,1,True,True,True,0.9,-2
0.43605570265241905,0.01155731405073858,17.0940924673824,1.4072054388933524,0.043709965226659424,0.6832298136645962,3,1,0.1,1.3999999999999997,0.3,1,1,0.27,0.3,3000,3000,1,1,0.8,0.15510204081632656,0.15510204081632656,1,True,True,True,0.9,-2
0.4217730287284551,0.012988432674933548,17.123704988917698,1.4115660277934108,0.03937238829996922,0.6832298136645962,3,1,0.1,1.3999999999999997,0.3,1,1,0.27,0.3,3000,3000,1,1,0.8,0.17346938775510207,0.17346938775510207,1,True,True,True,0.9,-2
0.40928013401290064,0.01424709108788703,17.145700292330798,1.4148609583036102,0.035547185214186455,0.6832298136645962,3,1,0.1,1.3999999999999997,0.3,1,1,0.27,0.3,3000,3000,1,1,0.8,0.19183673469387758,0.19183673469387758,1,True,True,True,0.9,-2
0.39830637225117427,0.01535477937054669,17.15554549739736,1.4172416473108795,0.03216756196871457,0.6832298136645962,3,1,0.1,1.3999999999999997,0.3,1,1,0.27,0.3,3000,3000,1,1,0.8,0.21020408163265308,0.21020408163265308,1,True,True,True,0.9,-2
0.3885996545475475,0.016331174610694974,17.14794552182142,1.4187826798692313,0.029170384415535922,0.6832298136645962,3,1,0.1,1.3999999999999997,0.3,1,1,0.27,0.3,3000,3000,1,1,0.8,0.2285714285714286,0.2285714285714286,1,True,True,True,0.9,-2
0.37993678796266933,0.017193095505137687,17.117168868449102,1.419494433849714,0.026499889882930592,0.6832298136645962,3,1,0.1,1.3999999999999997,0.3,1,1,0.27,0.3,3000,3000,1,1,0.8,0.2469387755102041,0.2469387755102041,1,True,True,True,0.9,-2
0.37212547495492104,0.01795445641820593,17.057528707066105,1.4193420968612067,0.024108453444007392,0.6832298136645962,3,1,0.1,1.3999999999999997,0.3,1,1,0.27,0.3,3000,3000,1,1,0.8,0.2653061224489796,0.2653061224489796,1,True,True,True,0.9,-2
0.3650032336562912,0.018626616338988176,16.963912156073015,1.418266385841028,0.021956115964466606,0.6832298136645962,3,1,0.1,1.3999999999999997,0.3,1,1,0.27,0.3,3000,3000,1,1,0.8,0.2836734693877551,0.2836734693877551,1,True,True,True,0.9,-2
0.35843527774519185,0.01921884219599695,16.832264806633738,1.416203068247769,0.02000965749726665,0.6832298136645962,3,1,0.1,1.3999999999999997,0.3,1,1,0.27,0.3,3000,3000,1,1,0.8,0.3020408163265306,0.3020408163265306,1,True,True,True,0.9,-2
0.3523120589691244,0.019738761392044644,16.65996197210809,1.4130993756092047,0.018241571006213514,0.6832298136645962,3,1,0.1,1.3999999999999997,0.3,1,1,0.27,0.3,3000,3000,1,1,0.8,0.3204081632653062,0.3204081632653062,1,True,True,True,0.9,-2
0.3465466642916266,0.0201927534468401,16.446025408204342,1.408926129627529,0.016629090585108527,0.6832298136645962,3,1,0.1,1.3999999999999997,0.3,1,1,0.27,0.3,3000,3000,1,1,0.8,0.3387755102040817,0.3387755102040817,1,True,True,True,0.9,-2
0.34107210258252185,0.02058626657494005,16.19117142325092,1.4036850516348653,0.015153333650576114,0.6832298136645962,3,1,0.1,1.3999999999999997,0.3,1,1,0.27,0.3,3000,3000,1,1,0.8,0.3571428571428572,0.3571428571428572,1,True,True,True,0.9,-2
0.3358385023560861,0.020924061638774836,15.89770111559746,1.3974113322205128,0.013798572247020897,0.6832298136645962,3,1,0.1,1.3999999999999997,0.3,1,1,0.27,0.3,3000,3000,1,1,0.8,0.3755102040816327,0.3755102040816327,1,True,True,True,0.9,-2
0.33081027503286947,0.021210392889105003,15.56926325335505,1.3901720602584176,0.012551628535084862,0.6832298136645962,3,1,0.1,1.3999999999999997,0.3,1,1,0.27,0.3,3000,3000,1,1,0.8,0.3938775510204082,0.3938775510204082,1,True,True,True,0.9,-2
0.32596333190740606,0.021449137080523466,15.210532649709505,1.382061487310111,0.011401381265330076,0.6832298136645962,3,1,0.1,1.3999999999999997,0.3,1,1,0.27,0.3,3000,3000,1,1,0.8,0.41224489795918373,0.41224489795918373,1,True,True,True,0.9,-2
0.32128245830902985,0.021643882380258203,14.826850707537616,1.3731942895870677,0.010338367478130767,0.6832298136645962,3,1,0.1,1.3999999999999997,0.3,1,1,0.27,0.3,3000,3000,1,1,0.8,0.43061224489795924,0.43061224489795924,1,True,True,True,0.9,-2
0.3167589415062178,0.021797987235074697,14.423870843300145,1.3636979805518343,0.009354463808706017,0.6832298136645962,3,1,0.1,1.3999999999999997,0.3,1,1,0.27,0.3,3000,3000,1,1,0.8,0.44897959183673475,0.44897959183673475,1,True,True,True,0.9,-2
0.3123885245181898,0.0219146176862057,14.007241997837365,1.3537054594290907,0.008442633117274676,0.6832298136645962,3,1,0.1,1.3999999999999997,0.3,1,1,0.27,0.3,3000,3000,1,1,0.8,0.46734693877551026,0.46734693877551026,1,True,True,True,0.9,-2
0.3081697246248604,0.021996769883249258,13.582351341226712,1.3433484172563945,0.0075967239649461565,0.6832298136645962,3,1,0.1,1.3999999999999997,0.3,1,1,0.27,0.3,3000,3000,1,1,0.8,0.48571428571428577,0.48571428571428577,1,True,True,True,0.9,-2
0.3041025214373172,0.022047282937728643,13.154135326046891,1.3327520303259248,0.006811312346968377,0.6832298136645962,3,1,0.1,1.3999999999999997,0.3,1,1,0.27,0.3,3000,3000,1,1,0.8,0.5040816326530613,0.5040816326530613,1,True,True,True,0.9,-2
0.3001873910867434,0.022068845871473196,12.726958379591577,1.3220311058206637,0.006081576894187432,0.6832298136645962,3,1,0.1,1.3999999999999997,0.3,1,1,0.27,0.3,3000,3000,1,1,0.8,0.5224489795918368,0.5224489795918368,1,True,True,True,0.9,-2
0.2964246435964221,0.022064001288622872,12.304551685498888,1.3112876392777437,0.005403200374700946,0.6832298136645962,3,1,0.1,1.3999999999999997,0.3,1,1,0.27,0.3,3000,3000,1,1,0.8,0.5408163265306123,0.5408163265306123,1,True,True,True,0.9,-2
0.2928140103037447,0.0220351475278121,11.890000749352138,1.3006096094493012,0.004772291735680275,0.6832298136645962,3,1,0.1,1.3999999999999997,0.3,1,1,0.27,0.3,3000,3000,1,1,0.8,0.5591836734693878,0.5591836734693878,1,True,True,True,0.9,-2
0.28935442596910066,0.02198454040459013,11.485769262382169,1.2900707680020713,0.004185324114109594,0.6832298136645962,3,1,0.1,1.3999999999999997,0.3,1,1,0.27,0.3,3000,3000,1,1,0.8,0.5775510204081633,0.5775510204081633,1,True,True,True,0.9,-2
0.2860439537407314,0.02191429519450083,11.093747416446051,1.2797311649667225,0.003639085226536038,0.6832298136645962,3,1,0.1,1.3999999999999997,0.3,1,1,0.27,0.3,3000,3000,1,1,0.8,0.5959183673469388,0.5959183673469388,1,True,True,True,0.9,-2
0.28287980812563884,0.021826389193564246,10.715314524313587,1.2696381688570528,0.0031306373424699135,0.6832298136645962,3,1,0.1,1.3999999999999997,0.3,1,1,0.27,0.3,3000,3000,1,1,0.8,0.6142857142857143,0.6142857142857143,1,True,True,True,0.9,-2
0.2798584395812089,0.02172266498800336,10.351407942979291,1.2598277773889421,0.0026572846794673454,0.6832298136645962,3,1,0.1,1.3999999999999997,0.3,1,1,0.27,0.3,3000,3000,1,1,0.8,0.6326530612244898,0.6326530612244898,1,True,True,True,0.9,-2
0.2769756528638925,0.021604834437975482,10.00259245313717,1.2503260587838538,0.0022165465563588056,0.6832298136645962,3,1,0.1,1.3999999999999997,0.3,1,1,0.27,0.3,3000,3000,1,1,0.8,0.6510204081632653,0.6510204081632653,1,True,True,True,0.9,-2
0.27422673897243693,0.021474483306554236,9.669126161870736,1.2411506068059643,0.0018061350291928135,0.6832298136645962,3,1,0.1,1.3999999999999997,0.3,1,1,0.27,0.3,3000,3000,1,1,0.8,0.6693877551020408,0.6693877551020408,1,True,True,True,0.9,-2
0.27160660697058225,0.02133307642747102,9.351020553774614,1.2323119305028563,0.001423936034401416,0.6832298136645962,3,1,0.1,1.3999999999999997,0.3,1,1,0.27,0.3,3000,3000,1,1,0.8,0.6877551020408164,0.6877551020408164,1,True,True,True,0.9,-2
0.2691099070528656,0.021181963290279958,9.048093497602606,1.223814730227426,0.0010679932938907695,0.6832298136645962,3,1,0.1,1.3999999999999997,0.3,1,1,0.27,0.3,3000,3000,1,1,0.8,0.7061224489795919,0.7061224489795919,1,True,True,True,0.9,-2
0.2667311400130645,0.021022383920997537,8.760014854877948,1.215659034742573,0.0007364944128188929,0.6832298136645962,3,1,0.1,1.3999999999999997,0.3,1,1,0.27,0.3,3000,3000,1,1,0.8,0.7244897959183674,0.7244897959183674,1,True,True,True,0.9,-2
0.2644647509663358,0.02085547494387773,8.486344892095243,1.2078411907910749,0.0004277587348625782,0.6832298136645962,3,1,0.1,1.3999999999999997,0.3,1,1,0.27,0.3,3000,3000,1,1,0.8,0.7428571428571429,0.7428571428571429,1,True,True,True,0.9,-2
0.26230520698314563,0.0206822757220319,8.226566033558676,1.2003547076201602,0.00014022662167119423,0.6832298136645962,3,1,0.1,1.3999999999999997,0.3,1,1,0.27,0.3,3000,3000,1,1,0.8,0.7612244897959184,0.7612244897959184,1,True,True,True,0.9,-2
0.26024705942533904,0.020503734488583947,7.9801086669836065,1.1931909658168043,-0.0001275500994712718,0.6832298136645962,3,1,0.1,1.3999999999999997,0.3,1,1,0.27,0.3,3000,3000,1,1,0.8,0.7795918367346939,0.7795918367346939,1,True,True,True,0.9,-2
0.2582849924123761,0.020320714394430988,7.746371778470206,1.1863398035532444,-0.00037691671716686033,0.6832298136645962,3,1,0.1,1.3999999999999997,0.3,1,1,0.27,0.3,3000,3000,1,1,0.8,0.7979591836734694,0.7979591836734694,1,True,True,True,0.9,-2
0.25641385915120224,0.020133999412491287,7.524739186453926,1.1797899949378783,-0.000609123399716912,0.6832298136645962,3,1,0.1,1.3999999999999997,0.3,1,1,0.27,0.3,3000,3000,1,1,0.8,0.8163265306122449,0.8163265306122449,1,True,True,True,0.9,-2
0.2546287079299204,0.019944300051144566,7.314592094198446,1.1735296352927524,-0.0008253322606426505,0.6832298136645962,3,1,0.1,1.3999999999999997,0.3,1,1,0.27,0.3,3000,3000,1,1,0.8,0.8346938775510204,0.8346938775510204,1,True,True,True,0.9,-2
0.2529247995150971,0.019752258840948465,7.11531860802251,1.1675464474556154,-0.0010266238200935416,0.6832298136645962,3,1,0.1,1.3999999999999997,0.3,1,1,0.27,0.3,3000,3000,1,1,0.8,0.8530612244897959,0.8530612244897959,1,True,True,True,0.9,-2
0.2512976175444565,0.019558455568781774,6.926320787023552,1.1618280219668207,-0.0012140029369613248,0.6832298136645962,3,1,0.1,1.3999999999999997,0.3,1,1,0.27,0.3,3000,3000,1,1,0.8,0.8714285714285714,0.8714285714285714,1,True,True,True,0.9,-2
0.2497428733238019,0.01936341224210736,6.747019708411933,1.1563620025483288,-0.0013884042720151103,0.6832298136645962,3,1,0.1,1.3999999999999997,0.3,1,1,0.27,0.3,3000,3000,1,1,0.8,0.889795918367347,0.889795918367347,1,True,True,True,0.9,-2
0.2482565062421781,0.019167597773285652,6.576858955726479,1.151136226776711,-0.0015506973312878615,0.6832298136645962,3,1,0.1,1.3999999999999997,0.3,1,1,0.27,0.3,3000,3000,1,1,0.8,0.9081632653061225,0.9081632653061225,1,True,True,True,0.9,-2
0.2468346808298068,0.018971432379809063,6.415306867852379,1.1461388304037783,-0.0017016911305694283,0.6832298136645962,3,1,0.1,1.3999999999999997,0.3,1,1,0.27,0.3,3000,3000,1,1,0.8,0.926530612244898,0.926530612244898,1,True,True,True,0.9,-2
0.245473781308385,0.01877529170121175,6.261857825973221,1.1413583224455652,-0.0018421385152796337,0.6832298136645962,3,1,0.1,1.3999999999999997,0.3,1,1,0.27,0.3,3000,3000,1,1,0.8,0.9448979591836735,0.9448979591836735,1,True,True,True,0.9,-2
0.24417040432787196,0.018579510637181655,6.116032803461118,1.1367836369736242,-0.0019727401652089435,0.6832298136645962,3,1,0.1,1.3999999999999997,0.3,1,1,0.27,0.3,3000,3000,1,1,0.8,0.963265306122449,0.963265306122449,1,True,True,True,0.9,-2
0.24292135044875646,0.018384386914442837,5.977379359732034,1.1324041665065063,-0.0020941483095761847,0.6832298136645962,3,1,0.1,1.3999999999999997,0.3,1,1,0.27,0.3,3000,3000,1,1,0.8,0.9816326530612246,0.9816326530612246,1,True,True,True,0.9,-2
0.24172361481419846,0.0181901843921575,5.845471222497643,1.1282097810133116,-0.0022069701749335272,0.6832298136645962,3,1,0.1,1.3999999999999997,0.3,1,1,0.27,0.3,3000,3000,1,1,0.8,1.0,1.0,1,True,True,True,0.9,-2
0.4918518674987193,0.004279731694326695,24.86861633209108,1.389080301926051,0.04224211111787014,0.6199460916442048,3,1,0.1,0.8749999999999998,0.3,1,1,0.27,0.3,3000,3000,1,1,0.8,0.1,0.1,1,True,True,True,0.9,-5
0.4712967243259655,0.005691876225216344,24.918047118913375,1.397325250418959,0.03800199279107239,0.6199460916442048,3,1,0.1,0.8749999999999998,0.3,1,1,0.27,0.3,3000,3000,1,1,0.8,0.11836734693877551,0.11836734693877551,1,True,True,True,0.9,-5
0.4528109124643526,0.006975240409146045,24.96975413708137,1.4039296231760197,0.034139757534151674,0.6199460916442048,3,1,0.1,0.8749999999999998,0.3,1,1,0.27,0.3,3000,3000,1,1,0.8,0.13673469387755102,0.13673469387755102,1,True,True,True,0.9,-5
0.4365208635625079,0.008116617464445527,25.019317969414605,1.4090696797404425,0.03069719015780648,0.6199460916442048,3,1,0.1,0.8749999999999998,0.3,1,1,0.27,0.3,3000,3000,1,1,0.8,0.15510204081632656,0.15510204081632656,1,True,True,True,0.9,-5
0.42226367447831437,0.00912291643773351,25.061347752608082,1.412985766017928,0.027654684549262062,0.6199460916442048,3,1,0.1,0.8749999999999998,0.3,1,1,0.27,0.3,3000,3000,1,1,0.8,0.17346938775510207,0.17346938775510207,1,True,True,True,0.9,-5
0.40977936474608806,0.01000793314198693,25.088686810658015,1.4158692314555985,0.024970279955033706,0.6199460916442048,3,1,0.1,0.8749999999999998,0.3,1,1,0.27,0.3,3000,3000,1,1,0.8,0.19183673469387758,0.19183673469387758,1,True,True,True,0.9,-5
0.39879196477261125,0.010786481526708384,25.092051793075132,1.417825214848962,0.02259718648907055,0.6199460916442048,3,1,0.1,0.8749999999999998,0.3,1,1,0.27,0.3,3000,3000,1,1,0.8,0.21020408163265308,0.21020408163265308,1,True,True,True,0.9,-5
0.3890413920601573,0.011472047011864793,25.06031050330971,1.4188709349130588,0.020491117714829858,0.6199460916442048,3,1,0.1,0.8749999999999998,0.3,1,1,0.27,0.3,3000,3000,1,1,0.8,0.2285714285714286,0.2285714285714286,1,True,True,True,0.9,-5
0.3802949513622085,0.012076062268178749,24.981332863843036,1.4189519526651082,0.01861295542914487,0.6199460916442048,3,1,0.1,0.8749999999999998,0.3,1,1,0.27,0.3,3000,3000,1,1,0.8,0.2469387755102041,0.2469387755102041,1,True,True,True,0.9,-5
0.3723508685377015,0.012607896998150634,24.84320486114688,1.4179675504786615,0.01692932889344194,0.6199460916442048,3,1,0.1,0.8749999999999998,0.3,1,1,0.27,0.3,3000,3000,1,1,0.8,0.2653061224489796,0.2653061224489796,1,True,True,True,0.9,-5
0.36503882067786364,0.013075130195778465,24.635553547551492,1.4157994867638266,0.015412304070927649,0.6199460916442048,3,1,0.1,0.8749999999999998,0.3,1,1,0.27,0.3,3000,3000,1,1,0.8,0.2836734693877551,0.2836734693877551,1,True,True,True,0.9,-5
0.3582192212512766,0.01348390202641662,24.35074604271205,1.4123396964135182,0.014038736492225845,0.6199460916442048,3,1,0.1,0.8749999999999998,0.3,1,1,0.27,0.3,3000,3000,1,1,0.8,0.3020408163265306,0.3020408163265306,1,True,True,True,0.9,-5
0.3517817317199326,0.013839253524750884,23.984771209109915,1.4075134052099758,0.012789542404948225,0.6199460916442048,3,1,0.1,0.8749999999999998,0.3,1,1,0.27,0.3,3000,3000,1,1,0.8,0.3204081632653062,0.3204081632653062,1,True,True,True,0.9,-5
0.34564304325680123,0.014145416833108111,23.53768046860804,1.40129512943417,0.011649001633240988,0.6199460916442048,3,1,0.1,0.8749999999999998,0.3,1,1,0.27,0.3,3000,3000,1,1,0.8,0.3387755102040817,0.3387755102040817,1,True,True,True,0.9,-5
0.33974392633244915,0.014406045430163869,23.013547063969167,1.3937162805844288,0.01060413806427473,0.6199460916442048,3,1,0.1,0.8749999999999998,0.3,1,1,0.27,0.3,3000,3000,1,1,0.8,0.3571428571428572,0.3571428571428572,1,True,True,True,0.9,-5
0.33404564934725617,0.014624386579737698,22.41998764263838,1.3848644801921015,0.009644191375107664,0.6199460916442048,3,1,0.1,0.8749999999999998,0.3,1,1,0.27,0.3,3000,3000,1,1,0.8,0.3755102040816327,0.3755102040816327,1,True,True,True,0.9,-5
0.3285259935099693,0.014803403875546165,21.767358725778962,1.3748759507238129,0.008760178440454305,0.6199460916442048,3,1,0.1,0.8749999999999998,0.3,1,1,0.27,0.3,3000,3000,1,1,0.8,0.3938775510204082,0.3938775510204082,1,True,True,True,0.9,-5
0.3231751710771365,0.01494585967483126,21.06777881768979,1.3639232123385399,0.007944536129875219,0.6199460916442048,3,1,0.1,0.8749999999999998,0.3,1,1,0.27,0.3,3000,3000,1,1,0.8,0.41224489795918373,0.41224489795918373,1,True,True,True,0.9,-5
0.3179919620470295,0.015054367147062295,20.334129417055962,1.352200626259567,0.007190834665549679,0.6199460916442048,3,1,0.1,0.8749999999999998,0.3,1,1,0.27,0.3,3000,3000,1,1,0.8,0.43061224489795924,0.43061224489795924,1,True,True,True,0.9,-5
0.3129803272336808,0.015131420566839368,19.579160670521976,1.3399101030932812,0.006493550277846422,0.6199460916442048,3,1,0.1,0.8749999999999998,0.3,1,1,0.27,0.3,3000,3000,1,1,0.8,0.44897959183673475,0.44897959183673475,1,True,True,True,0.9,-5
0.3081466593969033,0.015179410925672657,18.81478276787853,1.3272487023595818,0.005847886521081844,0.6199460916442048,3,1,0.1,0.8749999999999998,0.3,1,1,0.27,0.3,3000,3000,1,1,0.8,0.46734693877551026,0.46734693877551026,1,True,True,True,0.9,-5
0.3034977294905707,0.0152006322930076,18.051576727341505,1.3143991111639117,0.00524963475253462,0.6199460916442048,3,1,0.1,0.8749999999999998,0.3,1,1,0.27,0.3,3000,3000,1,1,0.8,0.48571428571428577,0.48571428571428577,1,True,True,True,0.9,-5
0.2990392963720386,0.015197282850850856,17.298518831715832,1.3015233024723982,0.004695065628484064,0.6199460916442048,3,1,0.1,0.8749999999999998,0.3,1,1,0.27,0.3,3000,3000,1,1,0.8,0.5040816326530613,0.5040816326530613,1,True,True,True,0.9,-5
0.2947752882898284,0.015171463276767924,16.562886987210046,1.2887591578703703,0.004180844845822612,0.6199460916442048,3,1,0.1,0.8749999999999998,0.3,1,1,0.27,0.3,3000,3000,1,1,0.8,0.5224489795918368,0.5224489795918368,1,True,True,True,0.9,-5
0.29070743500915597,0.015125174191466945,15.85030498463227,1.2762195340727838,0.003703967643479467,0.6199460916442048,3,1,0.1,0.8749999999999998,0.3,1,1,0.27,0.3,3000,3000,1,1,0.8,0.5408163265306123,0.5408163265306123,1,True,True,True,0.9,-5
0.28683522517885784,0.015060313698744946,15.164879198430441,1.2639931340682884,0.0032617077108553836,0.6199460916442048,3,1,0.1,0.8749999999999998,0.3,1,1,0.27,0.3,3000,3000,1,1,0.8,0.5591836734693878,0.5591836734693878,1,True,True,True,0.9,-5
0.28315607608100046,0.014978675578967909,14.509387690696627,1.252146559863729,0.0028515771057460344,0.6199460916442048,3,1,0.1,0.8749999999999998,0.3,1,1,0.27,0.3,3000,3000,1,1,0.8,0.5775510204081633,0.5775510204081633,1,True,True,True,0.9,-5
0.2796656240121052,0.014881948396870927,13.88549033431566,1.240727017209629,0.00247129456240611,0.6199460916442048,3,1,0.1,0.8749999999999998,0.3,1,1,0.27,0.3,3000,3000,1,1,0.8,0.5959183673469388,0.5959183673469388,1,True,True,True,0.9,-5
0.2763580668731632,0.014771715600339325,13.293937763371623,1.2297652666920884,0.0021187601879845363,0.6199460916442048,3,1,0.1,0.8749999999999998,0.3,1,1,0.27,0.3,3000,3000,1,1,0.8,0.6142857142857143,0.6142857142857143,1,True,True,True,0.9,-5
0.2732265120750731,0.014649456579673686,12.734765126335258,1.2192785388996212,0.0017920350266962572,0.6199460916442048,3,1,0.1,0.8749999999999998,0.3,1,1,0.27,0.3,3000,3000,1,1,0.8,0.6326530612244898,0.6326530612244898,1,True,True,True,0.9,-5
0.27026330061270737,0.014516548598423015,12.207463073170809,1.2092732371341979,0.001489324340735069,0.6199460916442048,3,1,0.1,0.8749999999999998,0.3,1,1,0.27,0.3,3000,3000,1,1,0.8,0.6510204081632653,0.6510204081632653,1,True,True,True,0.9,-5
0.26746029158277645,0.014374269478426332,11.711123053251026,1.1997473330416184,0.001208963738658187,0.6199460916442048,3,1,0.1,0.8749999999999998,0.3,1,1,0.27,0.3,3000,3000,1,1,0.8,0.6693877551020408,0.6693877551020408,1,True,True,True,0.9,-5
0.26480910082625997,0.014223800911315854,11.244557055453814,1.1906924188302748,0.000949407495568213,0.6199460916442048,3,1,0.1,0.8749999999999998,0.3,1,1,0.27,0.3,3000,3000,1,1,0.8,0.6877551020408164,0.6877551020408164,1,True,True,True,0.9,-5
0.262301293472121,0.014066232269022184,10.80639372680307,1.1820954179314718,0.0007092185709021844,0.6199460916442048,3,1,0.1,0.8749999999999998,0.3,1,1,0.27,0.3,3000,3000,1,1,0.8,0.7061224489795919,0.7061224489795919,1,True,True,True,0.9,-5
0.2599285337457248,0.013902564792365636,10.395153710441708,1.1739399785934588,0.00048705995152316617,0.6199460916442048,3,1,0.1,0.8749999999999998,0.3,1,1,0.27,0.3,3000,3000,1,1,0.8,0.7244897959183674,0.7244897959183674,1,True,True,True,0.9,-5
0.25768269721889625,0.013733716046924613,10.009307347235518,1.166207586419095,0.0002816870398320333,0.6199460916442048,3,1,0.1,0.8749999999999998,0.3,1,1,0.27,0.3,3000,3000,1,1,0.8,0.7428571428571429,0.7428571428571429,1,True,True,True,0.9,-5
0.2555559513193382,0.01356052454731001,9.64731781964337,1.1588784359380626,9.194087589381552e-05,0.6199460916442048,3,1,0.1,0.8749999999999998,0.3,1,1,0.27,0.3,3000,3000,1,1,0.8,0.7612244897959184,0.7612244897959184,1,True,True,True,0.9,-5
0.2535408098379657,0.013383754463688483,9.307672547578846,1.1519321007857728,-8.32579652297482e-05,0.6199460916442048,3,1,0.1,0.8749999999999998,0.3,1,1,0.27,0.3,3000,3000,1,1,0.8,0.7795918367346939,0.7795918367346939,1,True,True,True,0.9,-5
0.25163016669377447,0.01320410033711392,8.98890528491418,1.145348038956435,-0.0002449149205894882,0.6199460916442048,3,1,0.1,0.8749999999999998,0.3,1,1,0.27,0.3,3000,3000,1,1,0.8,0.7979591836734694,0.7979591836734694,1,True,True,True,0.9,-5
0.24981731355006404,0.013022191742496013,8.689610981560133,1.1391059652670208,-0.00039396652117861295,0.6199460916442048,3,1,0.1,0.8749999999999998,0.3,1,1,0.27,0.3,3000,3000,1,1,0.8,0.8163265306122449,0.8163265306122449,1,True,True,True,0.9,-5
0.24809594515905312,0.012838597849464912,8.408455109756991,1.1331861184752492,-0.0005312850769077174,0.6199460916442048,3,1,0.1,0.8749999999999998,0.3,1,1,0.27,0.3,3000,3000,1,1,0.8,0.8346938775510204,0.8346938775510204,1,True,True,True,0.9,-5
0.246460155620356,0.012653831841843844,8.144178824707105,1.127569445940076,-0.0006576830168598361,0.6199460916442048,3,1,0.1,0.8749999999999998,0.3,1,1,0.27,0.3,3000,3000,1,1,0.8,0.8530612244897959,0.8530612244897959,1,True,True,True,0.9,-5
0.24490442811477528,0.012468355165751654,7.895601046931351,1.1222377245692658,-0.0007739169249374385,0.6199460916442048,3,1,0.1,0.8749999999999998,0.3,1,1,0.27,0.3,3000,3000,1,1,0.8,0.8714285714285714,0.8714285714285714,1,True,True,True,0.9,-5
0.24342362013547583,0.012282581584493402,7.661618317370281,1.1171736331831392,-0.000880691302237309,0.6199460916442048,3,1,0.1,0.8749999999999998,0.3,1,1,0.27,0.3,3000,3000,1,1,0.8,0.889795918367347,0.889795918367347,1,True,True,True,0.9,-5
0.24201294578369997,0.012096881025436122,7.441203082886411,1.112360788347627,-0.0009786620809214956,0.6199460916442048,3,1,0.1,0.8749999999999998,0.3,1,1,0.27,0.3,3000,3000,1,1,0.8,0.9081632653061225,0.9081632653061225,1,True,True,True,0.9,-5
0.24066795632630766,0.011911583209952174,7.233400914382542,1.1077837531889205,-0.0010684399097340793,0.6199460916442048,3,1,0.1,0.8749999999999998,0.3,1,1,0.27,0.3,3000,3000,1,1,0.8,0.926530612244898,0.926530612244898,1,True,True,True,0.9,-5
0.23938451991112372,0.011726981062425333,7.037327036404574,1.103428026612605,-0.001150593227888136,0.6199460916442048,3,1,0.1,0.8749999999999998,0.3,1,1,0.27,0.3,3000,3000,1,1,0.8,0.9448979591836735,0.9448979591836735,1,True,True,True,0.9,-5
0.23815880109944967,0.011543333898313753,6.852162450428429,1.0992800186742955,-0.0012256511415329806,0.6199460916442048,3,1,0.1,0.8749999999999998,0.3,1,1,0.27,0.3,3000,3000,1,1,0.8,0.963265306122449,0.963265306122449,1,True,True,True,0.9,-5
0.23698724068884403,0.011360870394422977,6.67714985898066,1.0953270165073565,-0.0012941061152878242,0.6199460916442048,3,1,0.1,0.8749999999999998,0.3,1,1,0.27,0.3,3000,3000,1,1,0.8,0.9816326530612246,0.9816326530612246,1,True,True,True,0.9,-5
0.2358665361552032,0.011179791347029778,6.511589540032684,1.0915571441522545,-0.0013564164899560827,0.6199460916442048,3,1,0.1,0.8749999999999998,0.3,1,1,0.27,0.3,3000,3000,1,1,0.8,1.0,1.0,1,True,True,True,0.9,-5
0.4919353205078709,0.0037622910028414997,28.502081380967606,1.3901190345040575,0.03713483132843975,0.5963938973647712,3,1,0.1,0.7777777777777777,0.3,1,1,0.27,0.3,3000,3000,1,1,0.8,0.1,0.1,1,True,True,True,0.9,-10
0.47140054312467267,0.0050040128567488355,28.55924983806012,1.3981651482140323,0.03340945111668994,0.5963938973647712,3,1,0.1,0.7777777777777777,0.3,1,1,0.27,0.3,3000,3000,1,1,0.8,0.11836734693877551,0.11836734693877551,1,True,True,True,0.9,-10
0.45293019023082326,0.006132622627980277,28.6188472325096,1.4045984489215582,0.0300156320480624,0.5963938973647712,3,1,0.1,0.7777777777777777,0.3,1,1,0.27,0.3,3000,3000,1,1,0.8,0.13673469387755102,0.13673469387755102,1,True,True,True,0.9,-10
0.43665102639212483,0.007136454744468248,28.675605797137578,1.409592267796169,0.02699019749337013,0.5963938973647712,3,1,0.1,0.7777777777777777,0.3,1,1,0.27,0.3,3000,3000,1,1,0.8,0.15510204081632656,0.15510204081632656,1,True,True,True,0.9,-10
0.4223998663174685,0.008021522438332877,28.722842139732904,1.4133787557503998,0.02431598208215484,0.5963938973647712,3,1,0.1,0.7777777777777777,0.3,1,1,0.27,0.3,3000,3000,1,1,0.8,0.17346938775510207,0.17346938775510207,1,True,True,True,0.9,-10
0.40991524662265144,0.008799877876864304,28.751413406910267,1.4161358818750533,0.02195612331116977,0.5963938973647712,3,1,0.1,0.7777777777777777,0.3,1,1,0.27,0.3,3000,3000,1,1,0.8,0.19183673469387758,0.19183673469387758,1,True,True,True,0.9,-10
0.39891836322789703,0.00948444460676435,28.749271530201632,1.4179496742296085,0.019869478568487878,0.5963938973647712,3,1,0.1,0.7777777777777777,0.3,1,1,0.27,0.3,3000,3000,1,1,0.8,0.21020408163265308,0.21020408163265308,1,True,True,True,0.9,-10
0.38914519070865183,0.010086952913058691,28.70187914470834,1.418812897918171,0.018017093140541684,0.5963938973647712,3,1,0.1,0.7777777777777777,0.3,1,1,0.27,0.3,3000,3000,1,1,0.8,0.2285714285714286,0.2285714285714286,1,True,True,True,0.9,-10
0.3803585409313104,0.010617308307839803,28.59340082086788,1.4186432276135832,0.016364563375269224,0.5963938973647712,3,1,0.1,0.7777777777777777,0.3,1,1,0.27,0.3,3000,3000,1,1,0.8,0.2469387755102041,0.2469387755102041,1,True,True,True,0.9,-10
0.37235234761241487,0.011083592264003786,28.408389658301108,1.4173119473899285,0.014882559620025122,0.5963938973647712,3,1,0.1,0.7777777777777777,0.3,1,1,0.27,0.3,3000,3000,1,1,0.8,0.2653061224489796,0.2653061224489796,1,True,True,True,0.9,-10
0.3649529902067174,0.011492313086414227,28.133623967970905,1.4146768599720443,0.013546559086907595,0.5963938973647712,3,1,0.1,0.7777777777777777,0.3,1,1,0.27,0.3,3000,3000,1,1,0.8,0.2836734693877551,0.2836734693877551,1,True,True,True,0.9,-10
0.35801926085865815,0.011848726277421506,27.759757495497862,1.4106141221567343,0.012336276669124305,0.5963938973647712,3,1,0.1,0.7777777777777777,0.3,1,1,0.27,0.3,3000,3000,1,1,0.8,0.3020408163265306,0.3020408163265306,1,True,True,True,0.9,-10
0.35144131030531034,0.012157142116363125,27.28250325462027,1.4050445480525062,0.011235019601465585,0.5963938973647712,3,1,0.1,0.7777777777777777,0.3,1,1,0.27,0.3,3000,3000,1,1,0.8,0.3204081632653062,0.3204081632653062,1,True,True,True,0.9,-10
0.345138530066391,0.012421186830076387,26.70316859594784,1.3979510947408977,0.010229067646256274,0.5963938973647712,3,1,0.1,0.7777777777777777,0.3,1,1,0.27,0.3,3000,3000,1,1,0.8,0.3387755102040817,0.3387755102040817,1,True,True,True,0.9,-10
0.33905635499059483,0.012644007856869414,26.028486888892857,1.3893858896299216,0.009307120795224893,0.5963938973647712,3,1,0.1,0.7777777777777777,0.3,1,1,0.27,0.3,3000,3000,1,1,0.8,0.3571428571428572,0.3571428571428572,1,True,True,True,0.9,-10
0.33316215030891844,0.012828425445756395,25.2698242822152,1.3794670536593554,0.00845982765606059,0.5963938973647712,3,1,0.1,0.7777777777777777,0.3,1,1,0.27,0.3,3000,3000,1,1,0.8,0.3755102040816327,0.3755102040816327,1,True,True,True,0.9,-10
0.32744053023917524,0.01297703814634669,24.441945895401027,1.368367286593006,0.007679393924957104,0.5963938973647712,3,1,0.1,0.7777777777777777,0.3,1,1,0.27,0.3,3000,3000,1,1,0.8,0.3938775510204082,0.3938775510204082,1,True,True,True,0.9,-10
0.321888555693351,0.013092291596727798,23.561579007810714,1.3562972874521027,0.006959264028702286,0.5963938973647712,3,1,0.1,0.7777777777777777,0.3,1,1,0.27,0.3,3000,3000,1,1,0.8,0.41224489795918373,0.41224489795918373,1,True,True,True,0.9,-10
0.3165112491008217,0.013176519943449441,22.646004389767942,1.3434873736602153,0.006293866454502516,0.5963938973647712,3,1,0.1,0.7777777777777777,0.3,1,1,0.27,0.3,3000,3000,1,1,0.8,0.43061224489795924,0.43061224489795924,1,True,True,True,0.9,-10
0.31131776345462486,0.013231968111690704,21.711853562453037,1.3301702086439016,0.005678412666449638,0.5963938973647712,3,1,0.1,0.7777777777777777,0.3,1,1,0.27,0.3,3000,3000,1,1,0.8,0.44897959183673475,0.44897959183673475,1,True,True,True,0.9,-10
0.3063183946685417,0.0132608015596888,20.77421365359698,1.3165666307897588,0.0051087399293263565,0.5963938973647712,3,1,0.1,0.7777777777777777,0.3,1,1,0.27,0.3,3000,3000,1,1,0.8,0.46734693877551026,0.46734693877551026,1,True,True,True,0.9,-10
0.301522477801597,0.013265108492652741,19.846066973374327,1.3028755381133312,0.004581189334553569,0.5963938973647712,3,1,0.1,0.7777777777777777,0.3,1,1,0.27,0.3,3000,3000,1,1,0.8,0.48571428571428577,0.48571428571428577,1,True,True,True,0.9,-10
0.2969370918443446,0.013246898023742794,18.938035852985887,1.2892678944567908,0.004092511549971432,0.5963938973647712,3,1,0.1,0.7777777777777777,0.3,1,1,0.27,0.3,3000,3000,1,1,0.8,0.5040816326530613,0.5040816326530613,1,True,True,True,0.9,-10
0.29256642793532206,0.01320809657281473,18.058370661174624,1.2758843216756617,0.0036397940971288107,0.5963938973647712,3,1,0.1,0.7777777777777777,0.3,1,1,0.27,0.3,3000,3000,1,1,0.8,0.5224489795918368,0.5224489795918368,1,True,True,True,0.9,-10
0.2884116502387618,0.013150543909920044,17.213108063151587,1.2628354456163216,0.003220405168226101,0.5963938973647712,3,1,0.1,0.7777777777777777,0.3,1,1,0.27,0.3,3000,3000,1,1,0.8,0.5408163265306123,0.5408163265306123,1,True,True,True,0.9,-10
0.2844710855504554,0.013075989643334639,16.40633109742316,1.2502041084516227,0.00283195005760576,0.5963938973647712,3,1,0.1,0.7777777777777777,0.3,1,1,0.27,0.3,3000,3000,1,1,0.8,0.5591836734693878,0.5591836734693878,1,True,True,True,0.9,-10
0.2807406035582586,0.012986090559179028,15.64047544604717,1.2380486581237802,0.002472237170535546,0.5963938973647712,3,1,0.1,0.7777777777777777,0.3,1,1,0.27,0.3,3000,3000,1,1,0.8,0.5775510204081633,0.5775510204081633,1,True,True,True,0.9,-10
0.2772140827982105,0.012882408978748329,14.916641677423481,1.2264066952527823,0.002139251286920047,0.5963938973647712,3,1,0.1,0.7777777777777777,0.3,1,1,0.27,0.3,3000,3000,1,1,0.8,0.5959183673469388,0.5959183673469388,1,True,True,True,0.9,-10
0.27388388977353945,0.012766412158365607,14.23488763677778,1.215298840414479,0.0018311323177601048,0.5963938973647712,3,1,0.1,0.7777777777777777,0.3,1,1,0.27,0.3,3000,3000,1,1,0.8,0.6142857142857143,0.6142857142857143,1,True,True,True,0.9,-10
0.27074132615047347,0.012639472677266237,13.59448680106989,1.204732246446419,0.001546158223237239,0.5963938973647712,3,1,0.1,0.7777777777777777,0.3,1,1,0.27,0.3,3000,3000,1,1,0.8,0.6326530612244898,0.6326530612244898,1,True,True,True,0.9,-10
0.2677770198927097,0.012502869716935039,12.99414686054329,1.1947037072576419,0.001282731089432073,0.5963938973647712,3,1,0.1,0.7777777777777777,0.3,1,1,0.27,0.3,3000,3000,1,1,0.8,0.6510204081632653,0.6510204081632653,1,True,True,True,0.9,-10
0.26498125085101076,0.012357791115122526,12.432188333645646,1.1852023049388212,0.0010393656088400806,0.5963938973647712,3,1,0.1,0.7777777777777777,0.3,1,1,0.27,0.3,3000,3000,1,1,0.8,0.6693877551020408,0.6693877551020408,1,True,True,True,0.9,-10
0.2623442107097245,0.012205336070622538,11.906686268337198,1.1762115956361676,0.0008146793971335766,0.5963938973647712,3,1,0.1,0.7777777777777777,0.3,1,1,0.27,0.3,3000,3000,1,1,0.8,0.6877551020408164,0.6877551020408164,1,True,True,True,0.9,-10
0.2598562025893809,0.012046518375639928,11.41557967941582,1.1677113688633212,0.0006073847198978738,0.5963938973647712,3,1,0.1,0.7777777777777777,0.3,1,1,0.27,0.3,3000,3000,1,1,0.8,0.7061224489795919,0.7061224489795919,1,True,True,True,0.9,-10
0.25750778821881787,0.011882270058253153,10.956753881667876,1.1596790318077213,0.0004162813095992246,0.5963938973647712,3,1,0.1,0.7777777777777777,0.3,1,1,0.27,0.3,3000,3000,1,1,0.8,0.7244897959183674,0.7244897959183674,1,True,True,True,0.9,-10
0.2552898913932498,0.011713445326273256,10.528100736061443,1.1520906756815217,0.00024025003348905285,0.5963938973647712,3,1,0.1,0.7777777777777777,0.3,1,1,0.27,0.3,3000,3000,1,1,0.8,0.7428571428571429,0.7428571428571429,1,True,True,True,0.9,-10
0.2531938661639852,0.01154082471444242,10.127561337013486,1.1449218798078844,7.824723365768063e-05,0.5963938973647712,3,1,0.1,0.7777777777777777,0.3,1,1,0.27,0.3,3000,3000,1,1,0.8,0.7612244897959184,0.7612244897959184,1,True,True,True,0.9,-10
0.2512115373659964,0.011365119348581858,9.753155033511506,1.1381483040809854,-7.070039383452236e-05,0.5963938973647712,3,1,0.1,0.7777777777777777,0.3,1,1,0.27,0.3,3000,3000,1,1,0.8,0.7795918367346939,0.7795918367346939,1,True,True,True,0.9,-10
0.2493352200119101,0.011186975252201628,9.402998017250825,1.1317461137732263,-0.00020750047981786448,0.5963938973647712,3,1,0.1,0.7777777777777777,0.3,1,1,0.27,0.3,3000,3000,1,1,0.8,0.7979591836734694,0.7979591836734694,1,True,True,True,0.9,-10
0.2475577229614855,0.011006977632849526,9.075314094035098,1.1256922736486894,-0.0003329992963129839,0.5963938973647712,3,1,0.1,0.7777777777777777,0.3,1,1,0.27,0.3,3000,3000,1,1,0.8,0.8163265306122449,0.8163265306122449,1,True,True,True,0.9,-10
0.24587234123177443,0.010825655096599173,8.768439712186982,1.1199647417131509,-0.00044798575888395755,0.5963938973647712,3,1,0.1,0.7777777777777777,0.3,1,1,0.27,0.3,3000,3000,1,1,0.8,0.8346938775510204,0.8346938775510204,1,True,True,True,0.9,-10
0.24427284039045832,0.010643483749362064,8.480824863623319,1.1145425870184775,-0.0005531951577724311,0.5963938973647712,3,1,0.1,0.7777777777777777,0.3,1,1,0.27,0.3,3000,3000,1,1,0.8,0.8530612244897959,0.8530612244897959,1,True,True,True,0.9,-10
0.2427534356956856,0.010460891153003027,8.211031097546266,1.1094060508840562,-0.0006493126483503468,0.5963938973647712,3,1,0.1,0.7777777777777777,0.3,1,1,0.27,0.3,3000,3000,1,1,0.8,0.8714285714285714,0.8714285714285714,1,True,True,True,0.9,-10
0.24130876800474907,0.010278260112431915,7.957727585200626,1.104536566689525,-0.0007369765241034309,0.5963938973647712,3,1,0.1,0.7777777777777777,0.3,1,1,0.27,0.3,3000,3000,1,1,0.8,0.889795918367347,0.889795918367347,1,True,True,True,0.9,-10
0.23993387795936674,0.010095932276923614,7.719685936329467,1.0999167499656608,-0.0008167812901674141,0.5963938973647712,3,1,0.1,0.7777777777777777,0.3,1,1,0.27,0.3,3000,3000,1,1,0.8,0.9081632653061225,0.9081632653061225,1,True,True,True,0.9,-10
0.2386241795485315,0.00991421154496604,7.495774282978921,1.0955303677596993,-0.000889280551668772,0.5963938973647712,3,1,0.1,0.7777777777777777,0.3,1,1,0.27,0.3,3000,3000,1,1,0.8,0.926530612244898,0.926530612244898,1,True,True,True,0.9,-10
0.23737543383503007,0.009733367266956072,7.284951004159645,1.0913622940761778,-0.0009549897285835818,0.5963938973647712,3,1,0.1,0.7777777777777777,0.3,1,1,0.27,0.3,3000,3000,1,1,0.8,0.9448979591836735,0.9448979591836735,1,True,True,True,0.9,-10
0.23618372338957572,0.009553637244160505,7.086258356793728,1.087398456490617,-0.0010143886070759778,0.5963938973647712,3,1,0.1,0.7777777777777777,0.3,1,1,0.27,0.3,3000,3000,1,1,0.8,0.963265306122449,0.963265306122449,1,True,True,True,0.9,-10
0.2350454277935881,0.009375230525699536,6.898816197043884,1.0836257777085085,-0.0010679237359752425,0.5963938973647712,3,1,0.1,0.7777777777777777,0.3,1,1,0.27,0.3,3000,3000,1,1,0.8,0.9816326530612246,0.9816326530612246,1,True,True,True,0.9,-10
0.23395720043577575,0.009198330007846462,6.721815915531761,1.0800321148262428,-0.0011160106763548326,0.5963938973647712,3,1,0.1,0.7777777777777777,0.3,1,1,0.27,0.3,3000,3000,1,1,0.8,1.0,1.0,1,True,True,True,0.9,-10
