efficiency,dark count rate,jitter,entropy production,entropy rate,machine_efficiency,d_l,e_max,e_s,TH,TC,g_sl,g_ml,e_C,e_C_factor,t_f,t_steps,rateM,rateD,rateB,Tb,Td,k,Tb_indep_flag,Td_indep_flag,e_l,TV
0.48946890649087804,0.009220996373877901,10.094446875237628,1.3744491958220522,0.09662401523284328,0.7692307692307693,3,1,0.1,5674535530486825.0,0.3,1,1,0.27,0.3,3000,3000,1,1,0.8,0.1,0.3,1,True,True,0.9,-1
0.4687576176666901,0.012409497024534498,10.111474323913805,1.3846801477317814,0.08697024533010733,0.7692307692307693,3,1,0.1,5674535530486825.0,0.3,1,1,0.27,0.3,3000,3000,1,1,0.8,0.11836734693877551,0.3,1,True,True,0.9,-1
0.4501605466352522,0.015303991206012847,10.130074620365477,1.3929885014278796,0.07818822765087953,0.7692307692307693,3,1,0.1,5674535530486825.0,0.3,1,1,0.27,0.3,3000,3000,1,1,0.8,0.13673469387755102,0.3,1,True,True,0.9,-1
0.43379874775786426,0.0178763391228514,10.14877050717649,1.3995757231377528,0.07036848965747852,0.7692307692307693,3,1,0.1,5674535530486825.0,0.3,1,1,0.27,0.3,3000,3000,1,1,0.8,0.15510204081632656,0.3,1,True,True,0.9,-1
0.41950857847511924,0.0201445540823814,10.166192694264575,1.4047496375211197,0.06346078898144765,0.7692307692307693,3,1,0.1,5674535530486825.0,0.3,1,1,0.27,0.3,3000,3000,1,1,0.8,0.17346938775510207,0.3,1,True,True,0.9,-1
0.40703836511340596,0.02214341533231946,10.181040148457562,1.4088036350020945,0.057362083900192644,0.7692307692307693,3,1,0.1,5674535530486825.0,0.3,1,1,0.27,0.3,3000,3000,1,1,0.8,0.19183673469387758,0.3,1,True,True,0.9,-1
0.396130626903239,0.023911577786110864,10.19203687357287,1.4119810074760053,0.05195550405313756,0.7692307692307693,3,1,0.1,5674535530486825.0,0.3,1,1,0.27,0.3,3000,3000,1,1,0.8,0.21020408163265308,0.3,1,True,True,0.9,-1
0.38655251124628726,0.02548629107573807,10.197927065715612,1.4144717005364533,0.04712673570381869,0.7692307692307693,3,1,0.1,5674535530486825.0,0.3,1,1,0.27,0.3,3000,3000,1,1,0.8,0.2285714285714286,0.3,1,True,True,0.9,-1
0.3781040219322293,0.026901443880028908,10.197507856152432,1.416419603480754,0.042770501102109074,0.7692307692307693,3,1,0.1,5674535530486825.0,0.3,1,1,0.27,0.3,3000,3000,1,1,0.8,0.2469387755102041,0.3,1,True,True,0.9,-1
0.3706173190367741,0.02818700390482742,10.189682352812943,1.417932021898591,0.038792806590848196,0.7692307692307693,3,1,0.1,5674535530486825.0,0.3,1,1,0.27,0.3,3000,3000,1,1,0.8,0.2653061224489796,0.3,1,True,True,0.9,-1
0.36395288596752545,0.029369022155948964,10.173515048895934,1.4190884353129183,0.03511139222692533,0.7692307692307693,3,1,0.1,5674535530486825.0,0.3,1,1,0.27,0.3,3000,3000,1,1,0.8,0.2836734693877551,0.3,1,True,True,0.9,-1
0.3579950083660347,0.03046985636305314,10.148277157617278,1.4199477370678417,0.03165539820641233,0.7692307692307693,3,1,0.1,5674535530486825.0,0.3,1,1,0.27,0.3,3000,3000,1,1,0.8,0.3020408163265306,0.3,1,True,True,0.9,-1
0.3526475275615921,0.03150847450583344,10.113475593258876,1.4205539121089161,0.028364671306914304,0.7692307692307693,3,1,0.1,5674535530486825.0,0.3,1,1,0.27,0.3,3000,3000,1,1,0.8,0.3204081632653062,0.3,1,True,True,0.9,-1
0.3478301863632947,0.03250078297609747,10.068864079381134,1.4209403513891263,0.02518889698255804,0.7692307692307693,3,1,0.1,5674535530486825.0,0.3,1,1,0.27,0.3,3000,3000,1,1,0.8,0.3387755102040817,0.3,1,True,True,0.9,-1
0.3434756141185712,0.03345995630183647,10.014437898794588,1.4211330529393729,0.022086649740310126,0.7692307692307693,3,1,0.1,5674535530486825.0,0.3,1,1,0.27,0.3,3000,3000,1,1,0.8,0.3571428571428572,0.3,1,True,True,0.9,-1
0.3395268933405625,0.03439675749589416,9.95041541368284,1.4211529445421613,0.01902441702193868,0.7692307692307693,3,1,0.1,5674535530486825.0,0.3,1,1,0.27,0.3,3000,3000,1,1,0.8,0.3755102040816327,0.3,1,True,True,0.9,-1
0.3359356182120357,0.035319842759635366,9.87721009790167,1.4210175288741345,0.015975634423201702,0.7692307692307693,3,1,0.1,5674535530486825.0,0.3,1,1,0.27,0.3,3000,3000,1,1,0.8,0.3938775510204082,0.3,1,True,True,0.9,-1
0.3326603537133706,0.036236046430648615,9.795396793192968,1.420742015998164,0.012919759516803297,0.7692307692307693,3,1,0.1,5674535530486825.0,0.3,1,1,0.27,0.3,3000,3000,1,1,0.8,0.41224489795918373,0.3,1,True,True,0.9,-1
0.3296654140962087,0.037150643458989926,9.705675490166659,1.420340075632025,0.009841403464142648,0.7692307692307693,3,1,0.1,5674535530486825.0,0.3,1,1,0.27,0.3,3000,3000,1,1,0.8,0.43061224489795924,0.3,1,True,True,0.9,-1
0.3269198926369801,0.038067587844868925,9.608835329091411,1.4198243138991806,0.0067295328411834466,0.7692307692307693,3,1,0.1,5674535530486825.0,0.3,1,1,0.27,0.3,3000,3000,1,1,0.8,0.44897959183673475,0.3,1,True,True,0.9,-1
0.32439688758169605,0.03898972646968922,9.505720843146724,1.419206556092706,0.003576748474595106,0.7692307692307693,3,1,0.1,5674535530486825.0,0.3,1,1,0.27,0.3,3000,3000,1,1,0.8,0.46734693877551026,0.3,1,True,True,0.9,-1
0.3220728806351259,0.03991898858978255,9.397201813894,1.4184979978300056,0.00037864358296202616,0.7692307692307693,3,1,0.1,5674535530486825.0,0.3,1,1,0.27,0.3,3000,3000,1,1,0.8,0.48571428571428577,0.3,1,True,True,0.9,-1
0.3199272339097092,0.04085655191896424,9.284147529164528,1.4177092713088726,-0.0028667598948914196,0.7692307692307693,3,1,0.1,5674535530486825.0,0.3,1,1,0.27,0.3,3000,3000,1,1,0.8,0.5040816326530613,0.3,1,True,True,0.9,-1
0.31794177899395404,0.0418029867009846,9.167405756046909,1.416850460730391,-0.0061595003331468435,0.7692307692307693,3,1,0.1,5674535530486825.0,0.3,1,1,0.27,0.3,3000,3000,1,1,0.8,0.5224489795918368,0.3,1,True,True,0.9,-1
0.316100477939224,0.04275837948187977,9.04778637595949,1.4159310909234994,-0.009498095960776325,0.7692307692307693,3,1,0.1,5674535530486825.0,0.3,1,1,0.27,0.3,3000,3000,1,1,0.8,0.5408163265306123,0.3,1,True,True,0.9,-1
0.3143891407529135,0.04372243846075623,8.926049370998498,1.4149601054187788,-0.012879900988331352,0.7692307692307693,3,1,0.1,5674535530486825.0,0.3,1,1,0.27,0.3,3000,3000,1,1,0.8,0.5591836734693878,0.3,1,True,True,0.9,-1
0.3127951876727773,0.04469458235471117,8.80289668836992,1.413945844326644,-0.0163014048134817,0.7692307692307693,3,1,0.1,5674535530486825.0,0.3,1,1,0.27,0.3,3000,3000,1,1,0.8,0.5775510204081633,0.3,1,True,True,0.9,-1
0.3113074473045345,0.04567401468748055,8.678967425744192,1.4128960280527627,-0.019758480841893904,0.7692307692307693,3,1,0.1,5674535530486825.0,0.3,1,1,0.27,0.3,3000,3000,1,1,0.8,0.5959183673469388,0.3,1,True,True,0.9,-1
0.30991598382195085,0.04665978532672847,8.554835756510736,1.411817749823931,-0.02324659124312879,0.7692307692307693,3,1,0.1,5674535530486825.0,0.3,1,1,0.27,0.3,3000,3000,1,1,0.8,0.6142857142857143,0.3,1,True,True,0.9,-1
0.3086119480142685,0.047650840972166854,8.431011032874475,1.4107174779325817,-0.026760953575427675,0.7692307692307693,3,1,0.1,5674535530486825.0,0.3,1,1,0.27,0.3,3000,3000,1,1,0.8,0.6326530612244898,0.3,1,True,True,0.9,-1
0.3073874481463355,0.048646066152014986,8.30793955144985,1.4096010672951906,-0.03029667472833274,0.7692307692307693,3,1,0.1,5674535530486825.0,0.3,1,1,0.27,0.3,3000,3000,1,1,0.8,0.6510204081632653,0.3,1,True,True,0.9,-1
0.30623543747409865,0.049644316130876096,8.186007528335686,1.4084737791625748,-0.033848857099313956,0.7692307692307693,3,1,0.1,5674535530486825.0,0.3,1,1,0.27,0.3,3000,3000,1,1,0.8,0.6693877551020408,0.3,1,True,True,0.9,-1
0.3051496159100402,0.0506444429766786,8.065544899371305,1.4073403074538546,-0.037412681376707654,0.7692307692307693,3,1,0.1,5674535530486825.0,0.3,1,1,0.27,0.3,3000,3000,1,1,0.8,0.6877551020408164,0.3,1,True,True,0.9,-1
0.3041243438197586,0.05164531588398424,7.946829629876335,1.4062048100833118,-0.04098346977109313,0.7692307692307693,3,1,0.1,5674535530486825.0,0.3,1,1,0.27,0.3,3000,3000,1,1,0.8,0.7061224489795919,0.3,1,True,True,0.9,-1
0.3031545662968238,0.0526458367096143,7.830092282425313,1.40507094371386,-0.044556733036831025,0.7692307692307693,3,1,0.1,5674535530486825.0,0.3,1,1,0.27,0.3,3000,3000,1,1,0.8,0.7244897959183674,0.3,1,True,True,0.9,-1
0.30223574654264196,0.05364495154644679,7.715520648650651,1.4039419005341336,-0.04812820416434443,0.7692307692307693,3,1,0.1,5674535530486825.0,0.3,1,1,0.27,0.3,3000,3000,1,1,0.8,0.7428571428571429,0.3,1,True,True,0.9,-1
0.30136380719284983,0.05464165904356132,7.603264300581631,1.4028204458610776,-0.05169386120631509,0.7692307692307693,3,1,0.1,5674535530486825.0,0.3,1,1,0.27,0.3,3000,3000,1,1,0.8,0.7612244897959184,0.3,1,True,True,0.9,-1
0.30053507860288264,0.0556350160758378,7.493438958419766,1.4017089555945605,-0.05524994132884068,0.7692307692307693,3,1,0.1,5674535530486825.0,0.3,1,1,0.27,0.3,3000,3000,1,1,0.8,0.7795918367346939,0.3,1,True,True,0.9,-1
0.2997462532414484,0.05662414127342444,7.386130605307129,1.4006094527619,-0.05879294785057673,0.7692307692307693,3,1,0.1,5674535530486825.0,0.3,1,1,0.27,0.3,3000,3000,1,1,0.8,0.7979591836734694,0.3,1,True,True,0.9,-1
0.29899434545337855,0.05760821684044131,7.2813993063208375,1.399523642586196,-0.062319651746809264,0.7692307692307693,3,1,0.1,5674535530486825.0,0.3,1,1,0.27,0.3,3000,3000,1,1,0.8,0.8163265306122449,0.3,1,True,True,0.9,-1
0.29827665594665964,0.05858648902203119,7.179282709513925,1.3984529456788848,-0.06582708884789022,0.7692307692307693,3,1,0.1,5674535530486825.0,0.3,1,1,0.27,0.3,3000,3000,1,1,0.8,0.8346938775510204,0.3,1,True,True,0.9,-1
0.2975907404384815,0.0595582675183821,7.079799222285476,1.3973985290995485,-0.06931255374906481,0.7692307692307693,3,1,0.1,5674535530486825.0,0.3,1,1,0.27,0.3,3000,3000,1,1,0.8,0.8530612244897959,0.3,1,True,True,0.9,-1
0.29693438196333777,0.0605229240926142,6.982950867596958,1.3963613351391428,-0.07277359126753251,0.7692307692307693,3,1,0.1,5674535530486825.0,0.3,1,1,0.27,0.3,3000,3000,1,1,0.8,0.8714285714285714,0.3,1,True,True,0.9,-1
0.2963055664059662,0.061479890575428006,6.888725832396385,1.3953421077734076,-0.07620798612903021,0.7692307692307693,3,1,0.1,5674535530486825.0,0.3,1,1,0.27,0.3,3000,3000,1,1,0.8,0.889795918367347,0.3,1,True,True,0.9,-1
0.29570246087381274,0.062428656432192996,6.797100725785325,1.3943414168013175,-0.07961375143679747,0.7692307692307693,3,1,0.1,5674535530486825.0,0.3,1,1,0.27,0.3,3000,3000,1,1,0.8,0.9081632653061225,0.3,1,True,True,0.9,-1
0.29512339456964576,0.06336876602682867,6.708042567585585,1.3933596797340793,-0.08298911636723831,0.7692307692307693,3,1,0.1,5674535530486825.0,0.3,1,1,0.27,0.3,3000,3000,1,1,0.8,0.926530612244898,0.3,1,True,True,0.9,-1
0.29456684186541804,0.06429981569057197,6.621510529538946,1.392397181536087,-0.08633251344611158,0.7692307692307693,3,1,0.1,5674535530486825.0,0.3,1,1,0.27,0.3,3000,3000,1,1,0.8,0.9448979591836735,0.3,1,True,True,0.9,-1
0.2940314073139164,0.06522145068186082,6.5374574518163415,1.3914540923416812,-0.0896425656838309,0.7692307692307693,3,1,0.1,5674535530486825.0,0.3,1,1,0.27,0.3,3000,3000,1,1,0.8,0.963265306122449,0.3,1,True,True,0.9,-1
0.2935158123666109,0.06613336210536805,6.455831157154074,1.3905304832867493,-0.09291807378648945,0.7692307692307693,3,1,0.1,5674535530486825.0,0.3,1,1,0.27,0.3,3000,3000,1,1,0.8,0.9816326530612246,0.3,1,True,True,0.9,-1
0.29301888359372774,0.06703528384322645,6.376575584023952,1.3896263405998708,-0.09615800360813649,0.7692307692307693,3,1,0.1,5674535530486825.0,0.3,1,1,0.27,0.3,3000,3000,1,1,0.8,1.0,0.3,1,True,True,0.9,-1
0.4890539589227268,0.0056163576983700985,16.839901433130567,1.3790387857353383,0.061470865554657333,0.6832298136645962,3,1,0.1,1.3999999999999997,0.3,1,1,0.27,0.3,3000,3000,1,1,0.8,0.1,0.3,1,True,True,0.9,-2
0.46853603561167145,0.007634018146928732,16.871586083397986,1.3878388558335695,0.05539673951867217,0.6832298136645962,3,1,0.1,1.3999999999999997,0.3,1,1,0.27,0.3,3000,3000,1,1,0.8,0.11836734693877551,0.3,1,True,True,0.9,-2
0.4500944818500252,0.009467157419644592,16.905222136642106,1.3949173942266169,0.04986597365187058,0.6832298136645962,3,1,0.1,1.3999999999999997,0.3,1,1,0.27,0.3,3000,3000,1,1,0.8,0.13673469387755102,0.3,1,True,True,0.9,-2
0.4338554753263146,0.011097638999052145,16.938242302471952,1.4004668244231182,0.04493650315551283,0.6832298136645962,3,1,0.1,1.3999999999999997,0.3,1,1,0.27,0.3,3000,3000,1,1,0.8,0.15510204081632656,0.3,1,True,True,0.9,-2
0.4196621322138199,0.012536880154796134,16.968081815481998,1.4047692382620323,0.04057644029506801,0.6832298136645962,3,1,0.1,1.3999999999999997,0.3,1,1,0.27,0.3,3000,3000,1,1,0.8,0.17346938775510207,0.3,1,True,True,0.9,-2
0.40726907272293866,0.013807426581003238,16.991999994965404,1.4080900262894935,0.0367188342339194,0.6832298136645962,3,1,0.1,1.3999999999999997,0.3,1,1,0.27,0.3,3000,3000,1,1,0.8,0.19183673469387758,0.3,1,True,True,0.9,-2
0.39642414865305664,0.014934853532309894,17.0069926918428,1.4106469517554152,0.033286021757723175,0.6832298136645962,3,1,0.1,1.3999999999999997,0.3,1,1,0.27,0.3,3000,3000,1,1,0.8,0.21020408163265308,0.3,1,True,True,0.9,-2
0.3868989053573655,0.01594437717891154,17.009850863346205,1.4126078487279434,0.03020014583392812,0.6832298136645962,3,1,0.1,1.3999999999999997,0.3,1,1,0.27,0.3,3000,3000,1,1,0.8,0.2285714285714286,0.3,1,True,True,0.9,-2
0.37849694916898535,0.016859488850519806,16.997333768711343,1.4140976349750685,0.02738771725728663,0.6832298136645962,3,1,0.1,1.3999999999999997,0.3,1,1,0.27,0.3,3000,3000,1,1,0.8,0.2469387755102041,0.3,1,True,True,0.9,-2
0.37105336971935626,0.01770142882582707,16.966395235235115,1.4152072928254276,0.024781647793906746,0.6832298136645962,3,1,0.1,1.3999999999999997,0.3,1,1,0.27,0.3,3000,3000,1,1,0.8,0.2653061224489796,0.3,1,True,True,0.9,-2
0.3644309886340748,0.018489010713286676,16.914406551696832,1.4160022481165708,0.022322155493518285,0.6832298136645962,3,1,0.1,1.3999999999999997,0.3,1,1,0.27,0.3,3000,3000,1,1,0.8,0.2836734693877551,0.3,1,True,True,0.9,-2
0.35851588908973103,0.019238604903932234,16.83933753514799,1.416529395757682,0.019957092079739364,0.6832298136645962,3,1,0.1,1.3999999999999997,0.3,1,1,0.27,0.3,3000,3000,1,1,0.8,0.3020408163265306,0.3,1,True,True,0.9,-2
0.35321320536151374,0.01996420757401489,16.739875817391813,1.4168226818740464,0.017641914428489915,0.6832298136645962,3,1,0.1,1.3999999999999997,0.3,1,1,0.27,0.3,3000,3000,1,1,0.8,0.3204081632653062,0.3,1,True,True,0.9,-2
0.3484435038651802,0.02067756439583151,16.615478979880248,1.4169073751800074,0.015339407367874888,0.6832298136645962,3,1,0.1,1.3999999999999997,0.3,1,1,0.27,0.3,3000,3000,1,1,0.8,0.3387755102040817,0.3,1,True,True,0.9,-2
0.3441398110746877,0.021388331935693866,16.466364238142777,1.416803221680549,0.013019228159293962,0.6832298136645962,3,1,0.1,1.3999999999999997,0.3,1,1,0.27,0.3,3000,3000,1,1,0.8,0.3571428571428572,0.3,1,True,True,0.9,-2
0.3402452338719111,0.022104263909421353,16.29344656941482,1.4165266817459663,0.010657330080654847,0.6832298136645962,3,1,0.1,1.3999999999999997,0.3,1,1,0.27,0.3,3000,3000,1,1,0.8,0.3755102040816327,0.3,1,True,True,0.9,-2
0.3367110817780683,0.022831411214842418,16.098239278233027,1.4160924350719297,0.00823531459656526,0.6832298136645962,3,1,0.1,1.3999999999999997,0.3,1,1,0.27,0.3,3000,3000,1,1,0.8,0.3938775510204082,0.3,1,True,True,0.9,-2
0.3334953962732926,0.023574326212721923,15.882731702547064,1.4155143198022384,0.00573975352255981,0.6832298136645962,3,1,0.1,1.3999999999999997,0.3,1,1,0.27,0.3,3000,3000,1,1,0.8,0.41224489795918373,0.3,1,True,True,0.9,-2
0.33056180113125133,0.024336263507716033,15.64925770579711,1.4148058509443844,0.003161513930864686,0.6832298136645962,3,1,0.1,1.3999999999999997,0.3,1,1,0.27,0.3,3000,3000,1,1,0.8,0.43061224489795924,0.3,1,True,True,0.9,-2
0.32787860085418,0.025119371370102766,15.400366375418262,1.4139804412482297,0.0004951100280014685,0.6832298136645962,3,1,0.1,1.3999999999999997,0.3,1,1,0.27,0.3,3000,3000,1,1,0.8,0.44897959183673475,0.3,1,True,True,0.9,-2
0.3254180680627396,0.025924869739492734,15.138703514330453,1.4130514255785585,-0.002261901442563764,0.6832298136645962,3,1,0.1,1.3999999999999997,0.3,1,1,0.27,0.3,3000,3000,1,1,0.8,0.46734693877551026,0.3,1,True,True,0.9,-2
0.3231558733997969,0.02675321232450468,14.866909551602504,1.4120319683330749,-0.005109472164515832,0.6832298136645962,3,1,0.1,1.3999999999999997,0.3,1,1,0.27,0.3,3000,3000,1,1,0.8,0.48571428571428577,0.3,1,True,True,0.9,-2
0.3210706224513873,0.027604231593804065,14.587536778481278,1.4109349135068847,-0.008045554571521608,0.6832298136645962,3,1,0.1,1.3999999999999997,0.3,1,1,0.27,0.3,3000,3000,1,1,0.8,0.5040816326530613,0.3,1,True,True,0.9,-2
0.3191434731892686,0.028477266436717562,14.302986568905018,1.4097726194153815,-0.011066534346746135,0.6832298136645962,3,1,0.1,1.3999999999999997,0.3,1,1,0.27,0.3,3000,3000,1,1,0.8,0.5224489795918368,0.3,1,True,True,0.9,-2
0.31735781455693,0.029371272982173256,14.015465573122622,1.4085568053824695,-0.014167604634313137,0.6832298136645962,3,1,0.1,1.3999999999999997,0.3,1,1,0.27,0.3,3000,3000,1,1,0.8,0.5408163265306123,0.3,1,True,True,0.9,-2
0.31569899225599146,0.03028491954475675,13.726958779183635,1.4072984260804946,-0.01734308530658656,0.6832298136645962,3,1,0.1,1.3999999999999997,0.3,1,1,0.27,0.3,3000,3000,1,1,0.8,0.5591836734693878,0.3,1,True,True,0.9,-2
0.31415407180698907,0.03121666696199628,13.439216750165775,1.4060075805754102,-0.020586691728830687,0.6832298136645962,3,1,0.1,1.3999999999999997,0.3,1,1,0.27,0.3,3000,3000,1,1,0.8,0.5775510204081633,0.3,1,True,True,0.9,-2
0.3127116318342023,0.03216483574092265,13.153754159099357,1.4046934571421208,-0.023891758025885418,0.6832298136645962,3,1,0.1,1.3999999999999997,0.3,1,1,0.27,0.3,3000,3000,1,1,0.8,0.5959183673469388,0.3,1,True,True,0.9,-2
0.3113615825251528,0.033127661481982526,12.871856843729745,1.4033643111272447,-0.027251420032718493,0.6832298136645962,3,1,0.1,1.3999999999999997,0.3,1,1,0.27,0.3,3000,3000,1,1,0.8,0.6142857142857143,0.3,1,True,True,0.9,-2
0.31009500556905134,0.034103340025551876,12.594594883651055,1.402027471041205,-0.03065876302090674,0.6832298136645962,3,1,0.1,1.3999999999999997,0.3,1,1,0.27,0.3,3000,3000,1,1,0.8,0.6326530612244898,0.3,1,True,True,0.9,-2
0.30890401277585305,0.035090063695033306,12.322839576273202,1.4006893672007483,-0.03410693902880495,0.6832298136645962,3,1,0.1,1.3999999999999997,0.3,1,1,0.27,0.3,3000,3000,1,1,0.8,0.6510204081632653,0.3,1,True,True,0.9,-2
0.30778162116273333,0.03608604990946961,12.057282590997401,1.3993555772033952,-0.03758925825382815,0.6832298136645962,3,1,0.1,1.3999999999999997,0.3,1,1,0.27,0.3,3000,3000,1,1,0.8,0.6693877551020408,0.3,1,True,True,0.9,-2
0.3067216426772639,0.03708956332171267,11.798455969502356,1.3980308829814454,-0.04109925854136487,0.6832298136645962,3,1,0.1,1.3999999999999997,0.3,1,1,0.27,0.3,3000,3000,1,1,0.8,0.6877551020408164,0.3,1,True,True,0.9,-2
0.3057185869818561,0.03809893251522606,11.546751988413611,1.3967193349121607,-0.04463075656248169,0.6832298136645962,3,1,0.1,1.3999999999999997,0.3,1,1,0.27,0.3,3000,3000,1,1,0.8,0.7061224489795919,0.3,1,True,True,0.9,-2
0.304767575903597,0.039112562170531814,11.30244219651256,1.3954243192874556,-0.04817788383582419,0.6832298136645962,3,1,0.1,1.3999999999999997,0.3,1,1,0.27,0.3,3000,3000,1,1,0.8,0.7244897959183674,0.3,1,True,True,0.9,-2
0.30386426828941454,0.040128941495618874,11.065695178966358,1.3941486262594682,-0.051735110333813825,0.6832298136645962,3,1,0.1,1.3999999999999997,0.3,1,1,0.27,0.3,3000,3000,1,1,0.8,0.7428571428571429,0.3,1,True,True,0.9,-2
0.3030047941194952,0.04114664960600007,10.83659278866039,1.3928945161209583,-0.05529725802891445,0.6832298136645962,3,1,0.1,1.3999999999999997,0.3,1,1,0.27,0.3,3000,3000,1,1,0.8,0.7612244897959184,0.3,1,True,True,0.9,-2
0.30218569683224655,0.042164358441168545,10.61514472560887,1.3916637824162812,-0.058859506387012386,0.6832298136645962,3,1,0.1,1.3999999999999997,0.3,1,1,0.27,0.3,3000,3000,1,1,0.8,0.7795918367346939,0.3,1,True,True,0.9,-2
0.30140388290719755,0.043180833715455974,10.401301446985226,1.3904578109012053,-0.06241739150365522,0.6832298136645962,3,1,0.1,1.3999999999999997,0.3,1,1,0.27,0.3,3000,3000,1,1,0.8,0.7979591836734694,0.3,1,True,True,0.9,-2
0.3006565778418878,0.044194934322728564,10.194965460102045,1.3892776337865496,-0.06596680030480201,0.6832298136645962,3,1,0.1,1.3999999999999997,0.3,1,1,0.27,0.3,3000,3000,1,1,0.8,0.8163265306122449,0.3,1,True,True,0.9,-2
0.2999412877433028,0.045205610545654674,9.996001095640208,1.3881239790147293,-0.06950396099456957,0.6832298136645962,3,1,0.1,1.3999999999999997,0.3,1,1,0.27,0.3,3000,3000,1,1,0.8,0.8346938775510204,0.3,1,True,True,0.9,-2
0.2992557658357171,0.04621190136064868,9.804242884660765,1.3869973145522385,-0.07302543072620679,0.6832298136645962,3,1,0.1,1.3999999999999997,0.3,1,1,0.27,0.3,3000,3000,1,1,0.8,0.8530612244897959,0.3,1,True,True,0.9,-2
0.29859798326289905,0.04721293107834407,9.619502675473232,1.3858978878448327,-0.07652808129578632,0.6832298136645962,3,1,0.1,1.3999999999999997,0.3,1,1,0.27,0.3,3000,3000,1,1,0.8,0.8714285714285714,0.3,1,True,True,0.9,-2
0.29796610363315923,0.048207905515706514,9.441575629316029,1.3848257606898886,-0.08000908350780238,0.6832298136645962,3,1,0.1,1.3999999999999997,0.3,1,1,0.27,0.3,3000,3000,1,1,0.8,0.889795918367347,0.3,1,True,True,0.9,-2
0.2973584608214789,0.04919610785877583,9.27024523018949,1.3837808398492681,-0.08346589073507678,0.6832298136645962,3,1,0.1,1.3999999999999997,0.3,1,1,0.27,0.3,3000,3000,1,1,0.8,0.9081632653061225,0.3,1,True,True,0.9,-2
0.29677353960173414,0.05017689434375299,9.105287436423357,1.3827629037595095,-0.08689622208890446,0.6832298136645962,3,1,0.1,1.3999999999999997,0.3,1,1,0.27,0.3,3000,3000,1,1,0.8,0.926530612244898,0.3,1,True,True,0.9,-2
0.29620995873588885,0.05114968985797084,8.946474091424093,1.38177162570917,-0.0902980455265407,0.6832298136645962,3,1,0.1,1.3999999999999997,0.3,1,1,0.27,0.3,3000,3000,1,1,0.8,0.9448979591836735,0.3,1,True,True,0.9,-2
0.2956664561947144,0.05211398354043712,8.793575699765524,1.380806593849056,-0.09366956114960234,0.6832298136645962,3,1,0.1,1.3999999999999997,0.3,1,1,0.27,0.3,3000,3000,1,1,0.8,0.963265306122449,0.3,1,True,True,0.9,-2
0.29514187622700183,0.05306932444358034,8.646363663227813,1.379867328385655,-0.09700918488625364,0.6832298136645962,3,1,0.1,1.3999999999999997,0.3,1,1,0.27,0.3,3000,3000,1,1,0.8,0.9816326530612246,0.3,1,True,True,0.9,-2
0.29463515803183976,0.05401531730293926,8.504612060125526,1.378953296287274,-0.10031553270039316,0.6832298136645962,3,1,0.1,1.3999999999999997,0.3,1,1,0.27,0.3,3000,3000,1,1,0.8,1.0,0.3,1,True,True,0.9,-2
0.4881874004032023,0.003783092907787779,24.534742333327323,1.379548573530019,0.0435925045358457,0.6199460916442048,3,1,0.1,0.8749999999999998,0.3,1,1,0.27,0.3,3000,3000,1,1,0.8,0.1,0.3,1,True,True,0.9,-5
0.4677933969232701,0.005203696065709098,24.582493054003546,1.3875967488253946,0.039328447663192996,0.6199460916442048,3,1,0.1,0.8749999999999998,0.3,1,1,0.27,0.3,3000,3000,1,1,0.8,0.11836734693877551,0.3,1,True,True,0.9,-5
0.44945401335833995,0.0064949597282086486,24.632630555193096,1.3940281330757063,0.03544388437656565,0.6199460916442048,3,1,0.1,0.8749999999999998,0.3,1,1,0.27,0.3,3000,3000,1,1,0.8,0.13673469387755102,0.3,1,True,True,0.9,-5
0.43329792885233903,0.007644064796278873,24.68118443281558,1.3990309469744353,0.03197955699999508,0.6199460916442048,3,1,0.1,0.8749999999999998,0.3,1,1,0.27,0.3,3000,3000,1,1,0.8,0.15510204081632656,0.3,1,True,True,0.9,-5
0.4191720419198203,0.008659243274208648,24.723841395991478,1.402874347181031,0.028912271286355845,0.6199460916442048,3,1,0.1,0.8749999999999998,0.3,1,1,0.27,0.3,3000,3000,1,1,0.8,0.17346938775510207,0.3,1,True,True,0.9,-5
0.40683476069012137,0.009556932771721167,24.75554816037459,1.40580948206998,0.026192907732866585,0.6199460916442048,3,1,0.1,0.8749999999999998,0.3,1,1,0.27,0.3,3000,3000,1,1,0.8,0.19183673469387758,0.3,1,True,True,0.9,-5
0.3960373818883568,0.010356130866208799,24.77037934274619,1.4080408659706094,0.023763351869072268,0.6199460916442048,3,1,0.1,0.8749999999999998,0.3,1,1,0.27,0.3,3000,3000,1,1,0.8,0.21020408163265308,0.3,1,True,True,0.9,-5
0.3865544996327654,0.01107598338489952,24.76174662513384,1.4097244191732408,0.021564005750568247,0.6199460916442048,3,1,0.1,0.8749999999999998,0.3,1,1,0.27,0.3,3000,3000,1,1,0.8,0.2285714285714286,0.3,1,True,True,0.9,-5
0.37819237609867873,0.011734728532246115,24.722862818568522,1.4109742797153777,0.019537345491942932,0.6199460916442048,3,1,0.1,0.8749999999999998,0.3,1,1,0.27,0.3,3000,3000,1,1,0.8,0.2469387755102041,0.3,1,True,True,0.9,-5
0.3707883535271385,0.012349193685212876,24.647319511211865,1.4118715925003764,0.017629821031070456,0.6199460916442048,3,1,0.1,0.8749999999999998,0.3,1,1,0.27,0.3,3000,3000,1,1,0.8,0.2653061224489796,0.3,1,True,True,0.9,-5
0.364207073393499,0.012934531352423199,24.529649446512035,1.412472860708773,0.015792975643729907,0.6199460916442048,3,1,0.1,0.8749999999999998,0.3,1,1,0.27,0.3,3000,3000,1,1,0.8,0.2836734693877551,0.3,1,True,True,0.9,-5
0.35833597173068454,0.013504082037128782,24.365782339195672,1.4128170934530884,0.013984097509147182,0.6199460916442048,3,1,0.1,0.8749999999999998,0.3,1,1,0.27,0.3,3000,3000,1,1,0.8,0.3020408163265306,0.3,1,True,True,0.9,-5
0.35308104678332747,0.014069324583973373,24.153342679807558,1.4129315853558102,0.012166521534139142,0.6199460916442048,3,1,0.1,0.8749999999999998,0.3,1,1,0.27,0.3,3000,3000,1,1,0.8,0.3204081632653062,0.3,1,True,True,0.9,-5
0.3483632430727858,0.014639896161773695,23.891772153788793,1.4128363791063054,0.010309647479352936,0.6199460916442048,3,1,0.1,0.8749999999999998,0.3,1,1,0.27,0.3,3000,3000,1,1,0.8,0.3387755102040817,0.3,1,True,True,0.9,-5
0.3441155129167146,0.015223668195335957,23.58228587017466,1.4125475410305024,0.008388732432818903,0.6199460916442048,3,1,0.1,0.8749999999999998,0.3,1,1,0.27,0.3,3000,3000,1,1,0.8,0.3571428571428572,0.3,1,True,True,0.9,-5
0.3402804996269156,0.01582686457651765,23.22769046553963,1.4120794122961287,0.006384515487417996,0.6199460916442048,3,1,0.1,0.8749999999999998,0.3,1,1,0.27,0.3,3000,3000,1,1,0.8,0.3755102040816327,0.3,1,True,True,0.9,-5
0.3368087449271911,0.01645420867383618,22.832103317570382,1.411446013446153,0.004282729591026953,0.6199460916442048,3,1,0.1,0.8749999999999998,0.3,1,1,0.27,0.3,3000,3000,1,1,0.8,0.3938775510204082,0.3,1,True,True,0.9,-5
0.33365731561006867,0.01710908686427423,22.400615914571098,1.4106617842398312,0.0020735488933999882,0.6199460916442048,3,1,0.1,0.8749999999999998,0.3,1,1,0.27,0.3,3000,3000,1,1,0.8,0.41224489795918373,0.3,1,True,True,0.9,-5
0.3307887523922908,0.017793718268871044,21.93894191992683,1.4097418346963417,-0.0002489889282798929,0.6199460916442048,3,1,0.1,0.8749999999999998,0.3,1,1,0.27,0.3,3000,3000,1,1,0.8,0.43061224489795924,0.3,1,True,True,0.9,-5
0.3281702584291056,0.01850932263295368,21.453083380093958,1.4087018670983766,-0.0026875552234969825,0.6199460916442048,3,1,0.1,0.8749999999999998,0.3,1,1,0.27,0.3,3000,3000,1,1,0.8,0.44897959183673475,0.3,1,True,True,0.9,-5
0.32577306143085494,0.019256280498658077,20.94903895261398,1.4075579045378401,-0.00524207633637739,0.6199460916442048,3,1,0.1,0.8749999999999998,0.3,1,1,0.27,0.3,3000,3000,1,1,0.8,0.46734693877551026,0.3,1,True,True,0.9,-5
0.32357189923622,0.02003428176544282,20.432567988239825,1.4063259327384754,-0.007910238930136789,0.6199460916442048,3,1,0.1,0.8749999999999998,0.3,1,1,0.27,0.3,3000,3000,1,1,0.8,0.48571428571428577,0.3,1,True,True,0.9,-5
0.3215445926467493,0.02084246033560294,19.90901534032588,1.405021532237945,-0.010687946555516374,0.6199460916442048,3,1,0.1,0.8749999999999998,0.3,1,1,0.27,0.3,3000,3000,1,1,0.8,0.5040816326530613,0.3,1,True,True,0.9,-5
0.31967168064035745,0.0216795137857899,19.38319481523288,1.4036595507313356,-0.01356972387891731,0.6199460916442048,3,1,0.1,0.8749999999999998,0.3,1,1,0.27,0.3,3000,3000,1,1,0.8,0.5224489795918368,0.3,1,True,True,0.9,-5
0.3179361016651005,0.022543807923201445,18.859324529984278,1.4022538426913256,-0.016549068269628132,0.6199460916442048,3,1,0.1,0.8749999999999998,0.3,1,1,0.27,0.3,3000,3000,1,1,0.8,0.5408163265306123,0.3,1,True,True,0.9,-5
0.3163229107914072,0.023433466726582843,18.341004955795366,1.4008170861636655,-0.019618750700361995,0.6199460916442048,3,1,0.1,0.8749999999999998,0.3,1,1,0.27,0.3,3000,3000,1,1,0.8,0.5591836734693878,0.3,1,True,True,0.9,-5
0.314819026518866,0.024346448591439127,17.831229677435612,1.3993606748562022,-0.022771069359278653,0.6199460916442048,3,1,0.1,0.8749999999999998,0.3,1,1,0.27,0.3,3000,3000,1,1,0.8,0.5775510204081633,0.3,1,True,True,0.9,-5
0.3134130034880325,0.02528061004674659,17.332419370973064,1.3978946765607283,-0.025998060200409765,0.6199460916442048,3,1,0.1,0.8749999999999998,0.3,1,1,0.27,0.3,3000,3000,1,1,0.8,0.5959183673469388,0.3,1,True,True,0.9,-5
0.31209482870623234,0.026233758231049502,16.846470704837113,1.3964278455263264,-0.029291669037883567,0.6199460916442048,3,1,0.1,0.8749999999999998,0.3,1,1,0.27,0.3,3000,3000,1,1,0.8,0.6142857142857143,0.3,1,True,True,0.9,-5
0.3108557395525795,0.027203693445275273,16.374813402740884,1.3949676755735534,-0.032643889851091824,0.6199460916442048,3,1,0.1,0.8749999999999998,0.3,1,1,0.27,0.3,3000,3000,1,1,0.8,0.6326530612244898,0.3,1,True,True,0.9,-5
0.309688062072265,0.02818824306667151,15.918470287906233,1.393520481539112,-0.036046873816509596,0.6199460916442048,3,1,0.1,0.8749999999999998,0.3,1,1,0.27,0.3,3000,3000,1,1,0.8,0.6510204081632653,0.3,1,True,True,0.9,-5
0.3085850681106051,0.029185288034970436,15.47811657987593,1.3920914983314079,-0.039493013296022006,0.6199460916442048,3,1,0.1,0.8749999999999998,0.3,1,1,0.27,0.3,3000,3000,1,1,0.8,0.6693877551020408,0.3,1,True,True,0.9,-5
0.30754084979688695,0.03019278302473616,15.05413594762262,1.3906849889104567,-0.04297500464901426,0.6199460916442048,3,1,0.1,0.8749999999999998,0.3,1,1,0.27,0.3,3000,3000,1,1,0.8,0.6877551020408164,0.3,1,True,True,0.9,-5
0.3065502098444104,0.031208771308742403,14.64667180649177,1.3893043545497015,-0.046485893337727374,0.6199460916442048,3,1,0.1,0.8749999999999998,0.3,1,1,0.27,0.3,3000,3000,1,1,0.8,0.7061224489795919,0.3,1,True,True,0.9,-5
0.30560856611506615,0.03223139520472912,14.255673090626333,1.387952242576945,-0.05001910439070566,0.6199460916442048,3,1,0.1,0.8749999999999998,0.3,1,1,0.27,0.3,3000,3000,1,1,0.8,0.7244897959183674,0.3,1,True,True,0.9,-5
0.30471186892020685,0.03325890288751479,13.880934266559029,1.3866306483494837,-0.05356846089709758,0.6199460916442048,3,1,0.1,0.8749999999999998,0.3,1,1,0.27,0.3,3000,3000,1,1,0.8,0.7428571428571429,0.3,1,True,True,0.9,-5
0.303856529589461,0.034289652244063135,13.522129715295682,1.3853410094625818,-0.05712819283640043,0.6199460916442048,3,1,0.1,0.8749999999999998,0.3,1,1,0.27,0.3,3000,3000,1,1,0.8,0.7612244897959184,0.3,1,True,True,0.9,-5
0.30303935892843215,0.03532211235271425,13.178842837633853,1.3840842911396598,-0.06069293821121178,0.6199460916442048,3,1,0.1,0.8749999999999998,0.3,1,1,0.27,0.3,3000,3000,1,1,0.8,0.7795918367346939,0.3,1,True,True,0.9,-5
0.3022575142957901,0.0363548630806185,12.850590365118297,1.3828610624472515,-0.06425773814728428,0.6199460916442048,3,1,0.1,0.8749999999999998,0.3,1,1,0.27,0.3,3000,3000,1,1,0.8,0.7979591836734694,0.3,1,True,True,0.9,-5
0.3015084541495153,0.03738659321570308,12.536842415703084,1.3816715634599153,-0.06781802735664713,0.6199460916442048,3,1,0.1,0.8749999999999998,0.3,1,1,0.27,0.3,3000,3000,1,1,0.8,0.8163265306122449,0.3,1,True,True,0.9,-5
0.30078989903593023,0.038416097481148395,12.237038841816931,1.3805157638203247,-0.0713696211244683,0.6199460916442048,3,1,0.1,0.8749999999999998,0.3,1,1,0.27,0.3,3000,3000,1,1,0.8,0.8346938775510204,0.3,1,True,True,0.9,-5
0.30009979811356746,0.039442272720890036,11.95060239637273,1.3793934133251773,-0.07490869977662244,0.6199460916442048,3,1,0.1,0.8749999999999998,0.3,1,1,0.27,0.3,3000,3000,1,1,0.8,0.8530612244897959,0.3,1,True,True,0.9,-5
0.2994363004195177,0.04046411349332161,11.67694920217653,1.3783040852735862,-0.0784317914103099,0.6199460916442048,3,1,0.1,0.8749999999999998,0.3,1,1,0.27,0.3,3000,3000,1,1,0.8,0.8714285714285714,0.3,1,True,True,0.9,-5
0.2987977301890313,0.041480707266547324,11.415496960948582,1.377247213342974,-0.08193575352108912,0.6199460916442048,3,1,0.1,0.8749999999999998,0.3,1,1,0.27,0.3,3000,3000,1,1,0.8,0.889795918367347,0.3,1,True,True,0.9,-5
0.29818256563462936,0.04249122937125779,11.165671285922835,1.3762221227513254,-0.08541775403402113,0.6199460916442048,3,1,0.1,0.8749999999999998,0.3,1,1,0.27,0.3,3000,3000,1,1,0.8,0.9081632653061225,0.3,1,True,True,0.9,-5
0.29758942067493294,0.04349493783592273,10.92691049055353,1.3752280564255168,-0.08887525214095932,0.6199460916442048,3,1,0.1,0.8749999999999998,0.3,1,1,0.27,0.3,3000,3000,1,1,0.8,0.926530612244898,0.3,1,True,True,0.9,-5
0.2970170291772081,0.044491168202693915,10.698669117579737,1.3742641968417075,-0.09230597925800041,0.6199460916442048,3,1,0.1,0.8749999999999998,0.3,1,1,0.27,0.3,3000,3000,1,1,0.8,0.9448979591836735,0.3,1,True,True,0.9,-5
0.29646423134235506,0.045479328400505614,10.480420448832371,1.373329684141914,-0.09570792034418939,0.6199460916442048,3,1,0.1,0.8749999999999998,0.3,1,1,0.27,0.3,3000,3000,1,1,0.8,0.963265306122449,0.3,1,True,True,0.9,-5
0.29592996191692483,0.04645889373378568,10.271658197200479,1.372423631069216,-0.09907929576247819,0.6199460916442048,3,1,0.1,0.8749999999999998,0.3,1,1,0.27,0.3,3000,3000,1,1,0.8,0.9816326530612246,0.3,1,True,True,0.9,-5
0.29541323996228996,0.04742940203029111,10.071897548276016,1.3715451351871346,-0.10241854381493237,0.6199460916442048,3,1,0.1,0.8749999999999998,0.3,1,1,0.27,0.3,3000,3000,1,1,0.8,1.0,0.3,1,True,True,0.9,-5
0.48773662945280305,0.0032612696279813395,28.06222135828788,1.3791339653510781,0.038503580648622276,0.5963938973647712,3,1,0.1,0.7777777777777777,0.3,1,1,0.27,0.3,3000,3000,1,1,0.8,0.1,0.3,1,True,True,0.9,-10
0.4673864321556958,0.0045117299678393025,28.117214899785484,1.3869597913766363,0.034753451904159835,0.5963938973647712,3,1,0.1,0.7777777777777777,0.3,1,1,0.27,0.3,3000,3000,1,1,0.8,0.11836734693877551,0.3,1,True,True,0.9,-10
0.4490838436107156,0.00564849574335311,28.174782794539635,1.393199531831588,0.03133656029341577,0.5963938973647712,3,1,0.1,0.7777777777777777,0.3,1,1,0.27,0.3,3000,3000,1,1,0.8,0.13673469387755102,0.3,1,True,True,0.9,-10
0.432958219466894,0.006660289741794271,28.23025366480169,1.3980403414378872,0.02828867918423466,0.5963938973647712,3,1,0.1,0.7777777777777777,0.3,1,1,0.27,0.3,3000,3000,1,1,0.8,0.15510204081632656,0.3,1,True,True,0.9,-10
0.4188576528884785,0.0075544582498163265,28.278376406754436,1.4017477628003052,0.02558901033138599,0.5963938973647712,3,1,0.1,0.7777777777777777,0.3,1,1,0.27,0.3,3000,3000,1,1,0.8,0.17346938775510207,0.3,1,True,True,0.9,-10
0.4065418332355223,0.00834571437785285,28.31280057604603,1.4045689372271548,0.02319344546739015,0.5963938973647712,3,1,0.1,0.7777777777777777,0.3,1,1,0.27,0.3,3000,3000,1,1,0.8,0.19183673469387758,0.3,1,True,True,0.9,-10
0.3957632923804941,0.009051192713615201,28.32592652435508,1.406704601473583,0.021049386390390862,0.5963938973647712,3,1,0.1,0.7777777777777777,0.3,1,1,0.27,0.3,3000,3000,1,1,0.8,0.21020408163265308,0.3,1,True,True,0.9,-10
0.38629777337882154,0.009688317461212067,28.309213530786096,1.4083071753731398,0.01910239771043533,0.5963938973647712,3,1,0.1,0.7777777777777777,0.3,1,1,0.27,0.3,3000,3000,1,1,0.8,0.2285714285714286,0.3,1,True,True,0.9,-10
0.3779525760382563,0.010273835985025438,28.253827590151023,1.4094874872377805,0.017299475056516113,0.5963938973647712,3,1,0.1,0.7777777777777777,0.3,1,1,0.27,0.3,3000,3000,1,1,0.8,0.2469387755102041,0.3,1,True,True,0.9,-10
0.37056593813352784,0.010823322865448156,28.151440168916125,1.4103235163260264,0.015590903928454232,0.5963938973647712,3,1,0.1,0.7777777777777777,0.3,1,1,0.27,0.3,3000,3000,1,1,0.8,0.2653061224489796,0.3,1,True,True,0.9,-10
0.3640032192997736,0.011350891063553541,27.995004457259682,1.4108687806026472,0.01393143802847445,0.5963938973647712,3,1,0.1,0.7777777777777777,0.3,1,1,0.27,0.3,3000,3000,1,1,0.8,0.2836734693877551,0.3,1,True,True,0.9,-10
0.35815236471595113,0.011869020634497728,27.779383422269035,1.4111595877690453,0.012281041630332949,0.5963938973647712,3,1,0.1,0.7777777777777777,0.3,1,1,0.27,0.3,3000,3000,1,1,0.8,0.3020408163265306,0.3,1,True,True,0.9,-10
0.35291965322064195,0.012388475372187594,27.501756200560475,1.4112209469399242,0.010605284466967601,0.5963938973647712,3,1,0.1,0.7777777777777777,0.3,1,1,0.27,0.3,3000,3000,1,1,0.8,0.3204081632653062,0.3,1,True,True,0.9,-10
0.3482260797679353,0.012918293293772663,27.161776128517925,1.4110711514794076,0.008875443294267463,0.5963938973647712,3,1,0.1,0.7777777777777777,0.3,1,1,0.27,0.3,3000,3000,1,1,0.8,0.3387755102040817,0.3,1,True,True,0.9,-10
0.34400443514711404,0.013465838257278236,26.761492172798143,1.4107251314551852,0.0070683645492052895,0.5963938973647712,3,1,0.1,0.7777777777777777,0.3,1,1,0.27,0.3,3000,3000,1,1,0.8,0.3571428571428572,0.3,1,True,True,0.9,-10
0.3401970250338212,0.014036898818663343,26.305074208324488,1.4101967212589281,0.005166145999362114,0.5963938973647712,3,1,0.1,0.7777777777777777,0.3,1,1,0.27,0.3,3000,3000,1,1,0.8,0.3755102040816327,0.3,1,True,True,0.9,-10
0.3367539256142156,0.01463582017077409,25.798400208175465,1.409500018438106,0.00315569385941608,0.5963938973647712,3,1,0.1,0.7777777777777777,0.3,1,1,0.27,0.3,3000,3000,1,1,0.8,0.3938775510204082,0.3,1,True,True,0.9,-10
0.333631663867336,0.0152656561075146,25.248569600396056,1.4086500267509432,0.0010282056338973575,0.5963938973647712,3,1,0.1,0.7777777777777777,0.3,1,1,0.27,0.3,3000,3000,1,1,0.8,0.41224489795918373,0.3,1,True,True,0.9,-10
0.3307922185455658,0.0159283299629173,24.663403056727102,1.4076627780710531,-0.0012213799349325833,0.5963938973647712,3,1,0.1,0.7777777777777777,0.3,1,1,0.27,0.3,3000,3000,1,1,0.8,0.43061224489795924,0.3,1,True,True,0.9,-10
0.3282022537321369,0.016624795838157718,24.050977570508223,1.4065551138133479,-0.003594934001449853,0.5963938973647712,3,1,0.1,0.7777777777777777,0.3,1,1,0.27,0.3,3000,3000,1,1,0.8,0.44897959183673475,0.3,1,True,True,0.9,-10
0.32583251541317426,0.017355193751424677,23.419230401338925,1.4053442799787106,-0.0060916669754819824,0.5963938973647712,3,1,0.1,0.7777777777777777,0.3,1,1,0.27,0.3,3000,3000,1,1,0.8,0.46734693877551026,0.3,1,True,True,0.9,-10
0.3236573396164352,0.018118994399979143,22.775649715575398,1.404047455902162,-0.008708620927487403,0.5963938973647712,3,1,0.1,0.7777777777777777,0.3,1,1,0.27,0.3,3000,3000,1,1,0.8,0.48571428571428577,0.3,1,True,True,0.9,-10
0.3216542364588691,0.018915130916124213,22.12705608908575,1.4026813010325938,-0.011441116045297933,0.5963938973647712,3,1,0.1,0.7777777777777777,0.3,1,1,0.27,0.3,3000,3000,1,1,0.8,0.5040816326530613,0.3,1,True,True,0.9,-10
0.3198035270093043,0.019742116317269045,21.479468871638808,1.4012615712988772,-0.014283146875000083,0.5963938973647712,3,1,0.1,0.7777777777777777,0.3,1,1,0.27,0.3,3000,3000,1,1,0.8,0.5224489795918368,0.3,1,True,True,0.9,-10
0.31808801906167533,0.020598146327438747,20.83804508584633,1.3998028298121599,-0.017227727522647403,0.5963938973647712,3,1,0.1,0.7777777777777777,0.3,1,1,0.27,0.3,3000,3000,1,1,0.8,0.5408163265306123,0.3,1,True,True,0.9,-10
0.3164927140775319,0.02148118793556118,20.207075633270723,1.3983182570033412,-0.020267187375274612,0.5963938973647712,3,1,0.1,0.7777777777777777,0.3,1,1,0.27,0.3,3000,3000,1,1,0.8,0.5591836734693878,0.3,1,True,True,0.9,-10
0.3150045413010737,0.022389054511029904,19.590023293161423,1.396819552537578,-0.023393420442257146,0.5963938973647712,3,1,0.1,0.7777777777777777,0.3,1,1,0.27,0.3,3000,3000,1,1,0.8,0.5775510204081633,0.3,1,True,True,0.9,-10
0.3136121170481985,0.02331946857226485,18.98958841878467,1.3953169143834872,-0.02659809232250251,0.5963938973647712,3,1,0.1,0.7777777777777777,0.3,1,1,0.27,0.3,3000,3000,1,1,0.8,0.5959183673469388,0.3,1,True,True,0.9,-10
0.31230552802251127,0.0242701134451486,18.40779055776729,1.3938190777604467,-0.029872809238884596,0.5963938973647712,3,1,0.1,0.7777777777777777,0.3,1,1,0.27,0.3,3000,3000,1,1,0.8,0.6142857142857143,0.3,1,True,True,0.9,-10
0.31107613770737563,0.0252386750928345,17.84605683643417,1.3923333969379854,-0.03320925368644771,0.5963938973647712,3,1,0.1,0.7777777777777777,0.3,1,1,0.27,0.3,3000,3000,1,1,0.8,0.6326530612244898,0.3,1,True,True,0.9,-10
0.30991641474475257,0.026222875376626223,17.30531045192023,1.3908659547465858,-0.036599291121718745,0.5963938973647712,3,1,0.1,0.7777777777777777,0.3,1,1,0.27,0.3,3000,3000,1,1,0.8,0.6510204081632653,0.3,1,True,True,0.9,-10
0.30881978197617105,0.027220497942304876,16.78605478837086,1.3894216873438479,-0.04003505185839883,0.5963938973647712,3,1,0.1,0.7777777777777777,0.3,1,1,0.27,0.3,3000,3000,1,1,0.8,0.6693877551020408,0.3,1,True,True,0.9,-10
0.30778048459318885,0.028229407834713092,16.288450425183647,1.388004514597153,-0.043508991989767654,0.5963938973647712,3,1,0.1,0.7777777777777777,0.3,1,1,0.27,0.3,3000,3000,1,1,0.8,0.6877551020408164,0.3,1,True,True,0.9,-10
0.3067934756897536,0.02924756583823905,15.812383633428269,1.3866174690705522,-0.04701393677286708,0.5963938973647712,3,1,0.1,0.7777777777777777,0.3,1,1,0.27,0.3,3000,3000,1,1,0.8,0.7061224489795919,0.3,1,True,True,0.9,-10
0.30585431743956093,0.030273038430902163,15.357525906418534,1.3852628188448215,-0.05054310951421045,0.5963938973647712,3,1,0.1,0.7777777777777777,0.3,1,1,0.27,0.3,3000,3000,1,1,0.8,0.7244897959183674,0.3,1,True,True,0.9,-10
0.304959096129156,0.031304004131139956,14.923384708126958,1.3839421811995847,-0.054090148611040494,0.5963938973647712,3,1,0.1,0.7777777777777777,0.3,1,1,0.27,0.3,3000,3000,1,1,0.8,0.7428571428571429,0.3,1,True,True,0.9,-10
0.30410434934914454,0.03233875691304297,14.509346018419244,1.3826566255621218,-0.057649115038755444,0.5963938973647712,3,1,0.1,0.7777777777777777,0.3,1,1,0.27,0.3,3000,3000,1,1,0.8,0.7612244897959184,0.3,1,True,True,0.9,-10
0.303287003758964,0.03337570727010224,14.114709470591915,1.3814067651264292,-0.06121449224114663,0.5963938973647712,3,1,0.1,0.7777777777777777,0.3,1,1,0.27,0.3,3000,3000,1,1,0.8,0.7795918367346939,0.3,1,True,True,0.9,-10
0.30250432198006283,0.034413381420661665,13.738716967785166,1.3801928372372758,-0.06478118007923697,0.5963938973647712,3,1,0.1,0.7777777777777777,0.3,1,1,0.27,0.3,3000,3000,1,1,0.8,0.7979591836734694,0.3,1,True,True,0.9,-10
0.30175385732379595,0.035450419070758174,13.38057567254306,1.3790147730853985,-0.06834448422739663,0.5963938973647712,3,1,0.1,0.7777777777777777,0.3,1,1,0.27,0.3,3000,3000,1,1,0.8,0.8163265306122449,0.3,1,True,True,0.9,-10
0.30103341521140176,0.03648557008172455,13.0394762196562,1.377872257524421,-0.07190010217142366,0.5963938973647712,3,1,0.1,0.7777777777777777,0.3,1,1,0.27,0.3,3000,3000,1,1,0.8,0.8346938775510204,0.3,1,True,True,0.9,-10
0.30034102028972165,0.037517690330439724,12.714606929141569,1.376764779957642,-0.07544410676034148,0.5963938973647712,3,1,0.1,0.7777777777777777,0.3,1,1,0.27,0.3,3000,3000,1,1,0.8,0.8530612244897959,0.3,1,True,True,0.9,-10
0.2996748883816994,0.0385457369987459,12.405164709406202,1.3756916772864511,-0.07897292808946477,0.5963938973647712,3,1,0.1,0.7777777777777777,0.3,1,1,0.27,0.3,3000,3000,1,1,0.8,0.8714285714285714,0.3,1,True,True,0.9,-10
0.29903340253311134,0.039568763484628115,12.110363250568081,1.3746521698968275,-0.08248333434378496,0.5963938973647712,3,1,0.1,0.7777777777777777,0.3,1,1,0.27,0.3,3000,3000,1,1,0.8,0.889795918367347,0.3,1,True,True,0.9,-10
0.29841509252572107,0.040585914090456164,11.829439020940146,1.3736453916050662,-0.08597241210522145,0.5963938973647712,3,1,0.1,0.7777777777777777,0.3,1,1,0.27,0.3,3000,3000,1,1,0.8,0.9081632653061225,0.3,1,True,True,0.9,-10
0.29781861732244763,0.04159641861212067,11.561655499447607,1.3726704144102007,-0.08943754652193907,0.5963938973647712,3,1,0.1,0.7777777777777777,0.3,1,1,0.27,0.3,3000,3000,1,1,0.8,0.926530612244898,0.3,1,True,True,0.9,-10
0.2972427499923095,0.04259958692656773,11.306306004992871,1.3717262688141798,-0.09287640165005369,0.5963938973647712,3,1,0.1,0.7777777777777777,0.3,1,1,0.27,0.3,3000,3000,1,1,0.8,0.9448979591836735,0.3,1,True,True,0.9,-10
0.29668636473411014,0.04359480365332062,11.06271542107674,1.3708119603856415,-0.09628690120526388,0.5963938973647712,3,1,0.1,0.7777777777777777,0.3,1,1,0.27,0.3,3000,3000,1,1,0.8,0.963265306122449,0.3,1,True,True,0.9,-10
0.2961484256772815,0.044581522947443074,10.830241060110737,1.3699264831558797,-0.09966720990213457,0.5963938973647712,3,1,0.1,0.7777777777777777,0.3,1,1,0.27,0.3,3000,3000,1,1,0.8,0.9816326530612246,0.3,1,True,True,0.9,-10
0.295627977190069,0.04555926346655375,10.608272866225082,1.3690688303591394,-0.10301571550974645,0.5963938973647712,3,1,0.1,0.7777777777777777,0.3,1,1,0.27,0.3,3000,3000,1,1,0.8,1.0,0.3,1,True,True,0.9,-10
