efficiency,dark count rate,jitter,entropy production,entropy rate,machine_efficiency,L first gap,d_l,e_max,e_s,rateB,k,Tb_indep_flag,Td_indep_flag,Td_eq_Tb_flag,Max_TV_flag,first_gap_flag,epsilon,scew_flag_TC,scew_factor_TC,TC,TV,g_ml,g_sl,rateD,e_C_factor,rateM,Tb,Td,e_l,e_C,TH
0.7049191506354234,1.4634931431794378e-05,2269.7959291087523,3.490565076965516,0.0037376263770761,0.7792270419257562,0.0004075917902211,3,1,0.1,0.7,1,False,False,False,False,True,1e-06,True,2,0.0538385877287154,-16.95930275348477,0.3035328330851437,1.0064270810188585,1.8677501865799688,0.2833230190890612,1.410631219317236,0.0538385877287154,0.0538385877287154,0.9,0.2549907171801551,0.2466274596163249
0.7104445453985904,9.836128338058208e-05,244.6015540276001,5.435241848458483,0.0249795264016721,0.7898066468186794,0.0034931397446642,3,1,0.1,0.7,1,False,False,False,False,True,1e-06,True,2,0.0532207903806026,-6.010500188096778,1.685228113259351,1.1682513237606411,1.8378233448414496,0.2661326718735199,0.80029232230883,0.0532207903806026,0.0532207903806026,0.9,0.2395194046861679,0.2619134635922803
0.7255615025455006,9.3939729460157e-05,204.4024428044169,4.738379593270225,0.0294950394314838,0.8023429099495614,0.0048179314566911,3,1,0.1,0.7,1,False,False,False,False,True,1e-06,True,2,0.05,-16.53946163195198,1.196127144417734,1.4004950136434222,1.9836294898971008,0.2463498930436914,1.722189936514362,0.05,0.05,0.9,0.2217149037393223,0.2561061482767699
0.7119937999228527,4.571613795932976e-05,619.098990675793,5.029991171607205,0.0141630526484515,0.744644566474223,0.0013786360255566,3,1,0.1,0.7,1,False,False,False,False,True,1e-06,True,2,0.0539256066799017,-6.184777562535174,1.5677824333169186,1.0555105105782647,1.8747563103836828,0.3429225767869975,1.6611253795406498,0.0539256066799017,0.0539256066799017,0.9,0.3086303191082977,0.2166880856916247
0.7066253716454404,0.0003352233761806,85.59239582692895,4.674390198613433,0.0348951726945356,0.8293742848501817,0.0116816644942898,3,1,0.1,0.7,1,False,False,False,False,True,1e-06,True,2,0.0603453829826437,-14.735987925260758,1.9449725275799348,1.9448913861366488,1.8723762697637183,0.2057282438900792,0.4088637433007586,0.0603453829826437,0.0603453829826437,0.9,0.1851554195010713,0.3608540351930792
0.7054485325228351,2.9460194663459975e-07,59565.093103409774,5.380423210700358,0.0002147353803054,0.6343961616190503,1.6788356202289428e-05,3,1,0.1,0.7,1,False,False,False,False,True,1e-06,True,2,0.0507339527657893,-9.412237290105352,1.3810456486081348,1.680979519716712,1.7885403049690982,0.5763020971751901,1.0854357305140556,0.0507339527657893,0.0507339527657893,0.9,0.5186718874576711,0.1400777216155139
0.7049684974170449,7.494313144563106e-05,550.371737526355,4.864164961967789,0.0115776362026465,0.7292013108311327,0.0016302825566201,3,1,0.1,0.7,1,False,False,False,False,True,1e-06,True,2,0.0639724508662281,-16.513616224737287,1.9938957510803323,1.4055120106007342,1.890900959280136,0.3713634152141263,0.6776541720733279,0.0639724508662281,0.0639724508662281,0.9,0.3342270736927137,0.2387264946895496
0.7047798719430233,2.013443445023259e-08,669205.6569418733,4.5692314764797874,2.1189333227926308e-05,0.5542655343556332,1.4943089522470809e-06,3,1,0.1,0.7,1,False,False,False,False,True,1e-06,True,2,0.0591201768221003,-14.814387065815549,1.2887749840656206,1.80633460741654,1.949636206001233,0.8041893966265822,0.5404677517117478,0.0591201768221003,0.0591201768221003,0.9,0.723770456963924,0.1332968926581984
0.710458842202714,0.0001869698834517,167.88378367952228,3.072616908224672,0.0245221780291555,0.8800225750655734,0.0059558700762577,3,1,0.1,0.7,1,False,False,False,False,True,1e-06,True,2,0.0522345909491135,-9.358092943785048,0.382998652977055,1.997518432395312,1.9934320733723656,0.1363344854255434,1.4084529587093242,0.0522345909491135,0.0522345909491135,0.9,0.122701036882989,0.4539558544181817
0.7047721946287999,4.465892006150793e-06,9350.114925071051,3.5680644136958515,0.0009874534711805,0.6476113756203774,0.0001069505560464,3,1,0.1,0.7,1,False,False,False,False,True,1e-06,True,2,0.0649207566550462,-11.305834892119115,0.917691902117992,1.551875808396872,1.9847738106044408,0.5441359396166455,0.3625410692317901,0.0649207566550462,0.0649207566550462,0.9,0.4897223456549809,0.1861954786059784
0.7085480422237994,2.0949107791534858e-07,85045.29770020879,6.664945219045541,0.0001606762543555,0.6290528341596141,1.059242737053647e-05,3,1,0.1,0.7,1,False,False,False,False,True,1e-06,True,2,0.0504560908978185,-1.898394328797849,1.7008467689058575,1.3503155364839894,1.7964062821872793,0.5896915897946065,0.5474773272474707,0.0504560908978185,0.0504560908978185,0.9,0.5307224308151458,0.1424395846730728
0.7175385483562564,0.0003941232718288,63.20471581130028,5.0132220555255165,0.0547943921671024,0.8435975379361905,0.0141784220567953,3,1,0.1,0.7,1,False,False,False,False,True,1e-06,True,2,0.0553737624247865,-5.21348426283401,1.9705762506364848,1.4183175924454965,1.920626879818314,0.1853993818503057,0.6018906028356635,0.0553737624247865,0.0553737624247865,0.9,0.1668594436652751,0.3755620118489436
0.7149124313677974,1.1782806060000043e-08,1606844.7477745626,3.7526484058286105,1.2399107237178043e-05,0.551871083113851,5.934304683443257e-07,3,1,0.1,0.7,1,False,False,False,False,True,1e-06,True,2,0.054774292503154,-7.888188513927437,1.066823883603479,1.2723809773024646,1.9816342283475863,0.8120173906515408,1.728289714093101,0.054774292503154,0.054774292503154,0.9,0.7308156515863867,0.1232831088327227
0.7008903339599261,0.0001662837192135,354.5409079537947,4.148791129147012,0.0159435986736152,0.7200986026045391,0.0025228658344742,3,1,0.1,0.7,1,False,False,False,False,True,1e-06,True,2,0.0724891295570445,-15.758305841043857,1.5888720862822707,1.3548164588084888,1.977092038569447,0.3886987092921442,0.7496247487767113,0.0724891295570445,0.0724891295570445,0.9,0.3498288383629298,0.2620825677458945
0.7229338406290234,8.806444205350415e-06,2041.8326771177888,5.556531524788953,0.0042405924629563,0.727793755648459,0.0004518736513065,3,1,0.1,0.7,1,False,False,False,False,True,1e-06,True,2,0.0501534114574089,-19.854385319710858,1.4976238001223516,1.359818395304681,1.9385322809482208,0.3740156359393426,0.9582819357974104,0.0501534114574089,0.0501534114574089,0.9,0.3366140723454083,0.1855006880463068
0.7066193228816012,0.0007173807719707,23.277023994914977,5.350804365071177,0.1227436755619909,0.8727528801632048,0.0429158494671772,3,1,0.1,0.7,1,False,False,False,False,True,1e-06,True,2,0.0506858931980184,-5.210359930867403,1.6363258743393136,1.5713397321139946,1.7898912172244588,0.1457997134458036,1.8880675369137183,0.0506858931980184,0.0506858931980184,0.9,0.1312197421012232,0.4268031939923333
0.7143056787937397,1.3063687149528437e-05,1393.7450275900887,4.665685573621109,0.0052922226844278,0.7621124784361781,0.0007131966276052,3,1,0.1,0.7,1,False,False,False,False,True,1e-06,True,2,0.0500895856018984,-6.594517475954149,0.8085682743719443,1.3708398806909967,1.8766977444511628,0.312142273345211,0.3644860932135515,0.0500895856018984,0.0500895856018984,0.9,0.2809280460106899,0.2158114905437946
0.7140147431963463,0.0001869383227591,211.8912212783248,4.701869982197767,0.023680540631259,0.8104989303195801,0.0037877627112973,3,1,0.1,0.7,1,False,False,False,False,True,1e-06,True,2,0.0595580638998009,-4.768666107315616,1.701402273166019,1.0974086770144476,1.9355720741452889,0.2338079207651754,0.3030331326884374,0.0595580638998009,0.0595580638998009,0.9,0.2104271286886578,0.3320247695657942
0.7214121482995093,1.81559326525314e-05,1319.4670564628427,4.984829417697627,0.0046549580871866,0.7406929495230345,0.0007472240619016,3,1,0.1,0.7,1,False,False,False,False,True,1e-06,True,2,0.0561890450100393,-14.56189033854996,1.6876124159628545,1.815870760023827,1.9820695325045488,0.3500871051141299,0.3037357771482007,0.0561890450100393,0.0561890450100393,0.9,0.3150783946027169,0.2191041813290277
0.7064343891842281,0.0016884945155834,19.86855953226764,4.292827582188069,0.0836593358483393,0.8813828073608493,0.0497518720845312,3,1,0.1,0.7,1,False,False,False,False,True,1e-06,True,2,0.0632411424771458,-17.950583979600673,1.5524342264907371,1.5934040484830847,1.9079714821745224,0.1345807878807277,0.931692331349028,0.0632411424771458,0.0632411424771458,0.9,0.121122709092655,0.5474853809836542
0.721325613040669,4.5846247831652425e-05,544.6876703732449,4.8638861070752695,0.0092356437091786,0.7923536203240423,0.001682136540171,3,1,0.1,0.7,1,False,False,False,False,True,1e-06,True,2,0.0553909422797682,-13.509561582280822,1.587964029653629,1.5162110449247117,1.972748550949948,0.2620627638339535,0.1978382107592407,0.0553909422797682,0.0553909422797682,0.9,0.2358564874505582,0.2709960133992797
0.7063953926431007,0.0001059048349269,444.7424559892824,4.247909162341774,0.0165366309316343,0.710373521451,0.0021018342330574,3,1,0.1,0.7,1,False,False,False,False,True,1e-06,True,2,0.0651985115175488,-9.05035112675658,1.8301628113276955,1.3584672695812492,1.959437644865461,0.4077101268603209,1.9746187657772023,0.0651985115175488,0.0651985115175488,0.9,0.3669391141742888,0.2291615364764987
0.700689702422521,0.0017056482585428,21.34174369285237,3.986383016913453,0.0824694310288731,0.8909522826330368,0.046766259388071,3,1,0.1,0.7,1,False,False,False,False,True,1e-06,True,2,0.0619911772416083,-10.257793600911176,1.0188669996764763,1.9065541890649509,1.917543525102056,0.1223945653348502,1.5835401447521984,0.0619911772416083,0.0619911772416083,0.9,0.1101551088013652,0.5980044565379902
0.7127435557599557,0.0010492026715861,16.354320118389655,4.944280177647838,0.1029106647800729,0.9070419045248178,0.0610104976905438,3,1,0.1,0.7,1,False,False,False,False,True,1e-06,True,2,0.0520538893605738,-2.42076280293438,1.2063355953744386,1.6867321069673316,1.866652485208984,0.1024848962450981,0.8033228949460163,0.0520538893605738,0.0520538893605738,0.9,0.0922364066205883,0.7086607731914352
0.7071765412216364,0.0002757230825325,79.9018197781384,5.285521473587061,0.0374286598055238,0.877081897562226,0.0110912579899361,3,1,0.1,0.7,1,False,False,False,False,True,1e-06,True,2,0.0525094970157353,-15.062834511751625,1.9914744797974024,1.3467902296289096,1.798738541998516,0.1401443842124828,0.2886540839523983,0.0525094970157353,0.0525094970157353,0.9,0.1261299457912345,0.4380881695986474
0.7060333975211787,0.0002026763684885,132.79495762117045,4.25788038949393,0.0424174617573996,0.8034675298840567,0.0075299728753729,3,1,0.1,0.7,1,False,False,False,False,True,1e-06,True,2,0.0543127187997323,-2.060329248021468,0.9141604809021602,1.4409356302338094,1.8570593235734192,0.2446053671195695,1.7578762471167284,0.0543127187997323,0.0543127187997323,0.9,0.2201448304076126,0.3097351801715923
0.7059404801670454,4.4144388515576414e-08,370692.4503275981,3.880125629277228,4.395167630759135e-05,0.5824505689339621,2.697654083865737e-06,3,1,0.1,0.7,1,False,False,False,False,True,1e-06,True,2,0.05,-0.6434562886323469,1.1038072220219843,1.9649433748843548,1.805333138603347,0.7168838925340277,0.5739391447080538,0.05,0.05,0.9,0.645195503280625,0.1343039381401299
0.7225558270389844,5.165731469155726e-06,4316.765649071061,5.125248729485441,0.0017165803959735,0.7204092262599504,0.0002224262334041,3,1,0.1,0.7,1,False,False,False,False,True,1e-06,True,2,0.0544495972710255,-18.13741245127232,1.6737963834627172,1.7241685001826417,1.9762129634520555,0.3880999347989511,0.2036348693503226,0.0544495972710255,0.0544495972710255,0.9,0.349289941319056,0.1962656439667086
0.7141234748961202,9.800254433056252e-05,362.1385411641557,4.274329054890528,0.0136889910111277,0.7631062252645251,0.0026898147774347,3,1,0.1,0.7,1,False,False,False,False,True,1e-06,True,2,0.062352153486349,-17.689726369935737,1.2406499079070727,1.5771790659219502,1.999123883211464,0.3104335502614429,0.4312548499590474,0.062352153486349,0.062352153486349,0.9,0.2793901952352986,0.2662300923317806
0.7080466357970788,1.3088315799461106e-05,1318.8905205034991,5.1527417084344815,0.006418774835388,0.7298948040827903,0.0007582126949419,3,1,0.1,0.7,1,False,False,False,False,True,1e-06,True,2,0.0500535898036415,-12.856878044721054,1.5714850620691845,1.819451839717791,1.8091566247521884,0.3700604448837429,1.8577782558121947,0.0500535898036415,0.0500535898036415,0.9,0.3330544003953686,0.1872817208683768
0.7229379051105012,0.0008390775198126,28.476718568899333,4.754132061328247,0.1092469705541412,0.8761461656526505,0.0309455973709971,3,1,0.1,0.7,1,False,False,False,False,True,1e-06,True,2,0.052746342908999,-3.376136035565093,1.179897213964025,1.1158015841591118,1.974166290151388,0.1413620685711608,1.7767331377639626,0.052746342908999,0.052746342908999,0.9,0.1272258617140447,0.4787916217697551
0.705373822029612,2.5616659879770427e-08,687908.6422969151,5.444486660383579,1.983450738771007e-05,0.5775062188834835,1.4536814084706344e-06,3,1,0.1,0.7,1,False,False,False,False,True,1e-06,True,2,0.0565546501405773,-1.936804085964955,1.85564737602526,1.9072175716098057,1.8655335041234835,0.7315830848252013,0.1468423008900224,0.0565546501405773,0.0565546501405773,0.9,0.6584247763426812,0.139424020264071
0.725291864156582,8.118335046035568e-07,18667.624088143733,5.988750575818117,0.0005243955305398,0.6676237803164258,5.356868088502681e-05,3,1,0.1,0.7,1,False,False,False,False,True,1e-06,True,2,0.0501534261489364,-10.086807914163474,1.8431667001388177,1.988495802135707,1.958708089887692,0.4978495815802753,0.6624066804590839,0.0501534261489364,0.0501534261489364,0.9,0.4480646234222478,0.1524157694285252
0.700377917675953,2.400543876016647e-07,90845.34904903258,4.237524444135843,0.0001696297866225,0.6306425810644444,1.097045299349519e-05,3,1,0.1,0.7,1,False,False,False,False,True,1e-06,True,2,0.0512881429564127,-18.28043626092568,0.9552092766242364,1.2913770599100842,1.7642536861719338,0.5856842370398261,1.5180644989707863,0.0512881429564127,0.0512881429564127,0.9,0.5271158133358435,0.1395261360948956
0.7042206833266409,2.6148811307817817e-05,1402.678107074368,2.355332381470886,0.0061697967230035,0.7437001213818003,0.0007129213025179,3,1,0.1,0.7,1,False,False,False,False,True,1e-06,True,2,0.0570513176244191,-16.83925947862448,0.5920334343182254,1.6702615166102324,1.9461511879421023,0.3446279908385555,1.4640708674357397,0.0570513176244191,0.0570513176244191,0.9,0.3101651917547,0.2248059998929548
0.7104755411423076,6.838640893529027e-08,416007.95995628304,4.919755322241851,4.416555954417516e-05,0.5573675481793123,2.078403097897702e-06,3,1,0.1,0.7,1,False,False,False,False,True,1e-06,True,2,0.0587925712806605,-11.909347474950762,1.5078295337081582,1.1134161776224087,1.953078773234309,0.7941482299545133,1.5082070196125932,0.0587925712806605,0.0587925712806605,0.9,0.714733406959062,0.1336556553951479
0.7108439539814924,2.6797011489691337e-05,743.461066416858,4.711867367885975,0.0115209087492355,0.7352562753380695,0.0013450581816145,3,1,0.1,0.7,1,False,False,False,False,True,1e-06,True,2,0.0510199749798428,-1.6660040925308763,1.3014270227274634,1.6112927256921132,1.851172016107804,0.3600699967371265,1.9226488208117525,0.0510199749798428,0.0510199749798428,0.9,0.3240629970634138,0.2106286659334001
0.7095356310998128,0.001112203450026,30.04340861934565,4.492600751733302,0.0783511304611189,0.8720131349703701,0.0293766287335518,3,1,0.1,0.7,1,False,False,False,False,True,1e-06,True,2,0.0601984559269351,-18.15126372903088,1.3873158135189,1.231250656716807,1.904357186201808,0.1467717169581151,0.8862940047892808,0.0601984559269351,0.0601984559269351,0.9,0.1320945452623036,0.4812225205314796
0.7063556771137224,3.446758892014705e-05,1397.7279383780726,3.436685758769685,0.0065178639091097,0.7184983246010818,0.0006379735685437,3,1,0.1,0.7,1,False,False,False,False,True,1e-06,True,2,0.0617300460309579,-10.93089405942498,0.7133453575183941,1.052510976138332,1.9686938213428904,0.3917916935369488,1.2492620169393494,0.0617300460309579,0.0617300460309579,0.9,0.352612524183254,0.2224954367033797
0.7181871958282727,0.0004363772720836,67.4476458456605,4.310226561328824,0.0349718167244824,0.866780047890725,0.0139037165284277,3,1,0.1,0.7,1,False,False,False,False,True,1e-06,True,2,0.0591279425451832,-18.69468650448089,1.1387355993030464,1.489290408311704,1.9977853863718784,0.1536952222578963,0.2916648555129239,0.0591279425451832,0.0591279425451832,0.9,0.1383257000321066,0.4531624031552673
0.7175354705475055,1.884736948528424e-05,1076.0556025220346,5.374761602998341,0.0080114344411856,0.743079113714214,0.0008318157479397,3,1,0.1,0.7,1,False,False,False,False,True,1e-06,True,2,0.0506450238359681,-17.749545763911513,1.4770985495576083,1.2061702700795294,1.893441989318812,0.3457517262214385,1.2918459000927984,0.0506450238359681,0.0506450238359681,0.9,0.3111765535992947,0.1987633240121598
0.7115235360030692,0.0001138017358681,342.2014819104993,4.422196300457229,0.0209705491035547,0.7444630345355782,0.0026211143057612,3,1,0.1,0.7,1,False,False,False,False,True,1e-06,True,2,0.0601537010919134,-18.25798717067733,1.5804405117685756,1.1982301967924556,1.9473911869196856,0.3432500387663099,1.8475767827471603,0.0601537010919134,0.0601537010919134,0.9,0.3089250348896789,0.2376825439504955
0.7106394443965852,0.000739222818911,33.86680785173067,4.563073714375479,0.0755708684232658,0.8851026803370495,0.0295075063569292,3,1,0.1,0.7,1,False,False,False,False,True,1e-06,True,2,0.0543645488843214,-17.466192876099836,0.9132674681238496,1.3648228133606073,1.889406870400674,0.129812418621529,1.3169093085831116,0.0543645488843214,0.0543645488843214,0.9,0.1168311767593761,0.4847814547932166
0.7099229423208184,5.982444149241362e-06,3922.8696287158914,5.971726968085795,0.0027290195655078,0.706463832383982,0.0002096641025258,3,1,0.1,0.7,1,False,False,False,False,True,1e-06,True,2,0.0519977895319174,-3.456337032112536,1.6659478765542912,1.0806679974139048,1.82153338085132,0.4155006302664807,0.6426099239458513,0.0519977895319174,0.0519977895319174,0.9,0.3739505672398327,0.1837975279584499
0.7191933843448741,5.52479671508078e-07,53958.99496450682,5.427975166300199,0.000295435855862,0.5943677751477071,1.6272192695201967e-05,3,1,0.1,0.7,1,False,False,False,False,True,1e-06,True,2,0.0559503178483168,-1.168701941156609,1.913142904158888,1.2037454624238266,1.964384988933124,0.6824599882648229,1.5865102517011695,0.0559503178483168,0.0559503178483168,0.9,0.6142139894383406,0.1483394807983541
0.7140708305103226,5.596347570845988e-05,326.7395510518342,4.947747916720015,0.0161330051410451,0.7917514367083934,0.0030605171595188,3,1,0.1,0.7,1,False,False,False,False,True,1e-06,True,2,0.0516894674575048,-18.736325400456685,1.221373250087448,1.7498342384884409,1.8797623804925767,0.2630226528635978,0.5803965303833922,0.0516894674575048,0.0516894674575048,0.9,0.236720387577238,0.250841457559704
0.711812880766402,5.151944402595035e-05,383.862565297356,5.292282178448679,0.0139774906316821,0.7663858284144479,0.0026050821593022,3,1,0.1,0.7,1,False,False,False,False,True,1e-06,True,2,0.0540364801748369,-2.458272709356933,1.773207564354084,1.9826489430073264,1.8627896297850384,0.3048257978215349,0.486302431310774,0.0540364801748369,0.0540364801748369,0.9,0.2743432180393815,0.2492826961755648
0.7141719216339253,0.0008811815962521,24.75374553301127,5.182189574736698,0.1004198979410401,0.8920650672369289,0.0338118863147405,3,1,0.1,0.7,1,False,False,False,False,True,1e-06,True,2,0.0524816076322055,-6.415855412955345,1.8151751414977373,1.1409166144714429,1.8609154367116991,0.1209944618696788,0.92337903845141,0.0524816076322055,0.0524816076322055,0.9,0.1088950156827109,0.5214897384977732
0.7026965972786932,8.639568388396975e-08,371228.909736982,5.985650899257329,4.851780419984209e-05,0.5814358059757719,2.155890681056257e-06,3,1,0.1,0.7,1,False,False,False,False,True,1e-06,True,2,0.0588280930906843,-19.965318551724348,1.8606187187750525,1.057589448706712,1.8455225147637195,0.7198803199293673,0.3598551491856828,0.0588280930906843,0.0588280930906843,0.9,0.6478922879364306,0.1411249947293217
0.717751540696521,1.867119233914899e-05,1273.1079813815372,5.170021877457737,0.00643833850726,0.7201853997287614,0.0007469629928095,3,1,0.1,0.7,1,False,False,False,False,True,1e-06,True,2,0.0541109520464744,-12.355031227940325,1.6345513520236874,1.4425774276218604,1.9278086500995857,0.3885313425912594,1.2641203548461988,0.0541109520464744,0.0541109520464744,0.9,0.3496782083321335,0.1955861659206265
0.7045180244224634,3.982142406437244e-05,727.1436759962638,4.463656347046147,0.0104719641289894,0.7294210964446797,0.0013752418709914,3,1,0.1,0.7,1,False,False,False,False,True,1e-06,True,2,0.0568503356409766,-13.158544175133333,1.3454533535678188,1.5764117892005771,1.851838814556254,0.3709502026664255,1.664450991676617,0.0568503356409766,0.0568503356409766,0.9,0.333855182399783,0.2125822320201252
0.7054538437737304,0.0002694762125283,70.61572554235289,5.089900977726608,0.0633931618739901,0.8454429689198594,0.0134512797264484,3,1,0.1,0.7,1,False,False,False,False,True,1e-06,True,2,0.05,-2.2056301568478247,0.9111519199794684,1.1964401751357483,1.7891291184399989,0.1828118947841073,0.9929522406611264,0.05,0.05,0.9,0.1645307053056966,0.3692994950075787
0.715125659636928,0.0002776181935753,112.4057857077964,3.9723415004039193,0.039812271193086,0.8209208337991729,0.0088956717187874,3,1,0.1,0.7,1,False,False,False,False,True,1e-06,True,2,0.0569900632441685,-19.027174021747737,0.884507678853825,1.4569779693352398,1.986004938945389,0.2181442580425926,1.0805517321742106,0.0569900632441685,0.0569900632441685,0.9,0.1963298322383333,0.3226698585657364
0.7042426172473056,7.553487819194923e-06,4546.7151899493465,4.83815382698462,0.0017325630747895,0.6754305306298819,0.0002120096658991,3,1,0.1,0.7,1,False,False,False,False,True,1e-06,True,2,0.062353349885447,-15.264907204781531,1.4821074847111002,1.6138744353316052,1.883820459812004,0.4805371605980507,0.3592465481582747,0.062353349885447,0.062353349885447,0.9,0.4324834445382456,0.1937579699375515
0.7120286076624306,9.17375308840836e-05,207.218478683852,5.37955136394585,0.0239830197585728,0.8188916326565362,0.0042692102366286,3,1,0.1,0.7,1,False,False,False,False,True,1e-06,True,2,0.0508796554074228,-19.50368941734232,1.2167744476187785,1.2222838112236845,1.8387230655340707,0.221162801182785,0.513715545821491,0.0508796554074228,0.0508796554074228,0.9,0.1990465210645065,0.2842881818974566
0.7104472872325207,1.018861037266292e-07,222349.3023912352,6.297271306956869,7.105598306034026e-05,0.5759624474777166,4.155953500654697e-06,3,1,0.1,0.7,1,False,False,False,False,True,1e-06,True,2,0.054305468157896,-1.198515761808462,1.8083467909508453,1.3970155538310765,1.854636978928284,0.7362243048644054,1.0048177816203252,0.054305468157896,0.054305468157896,0.9,0.6626018743779648,0.1364663532151558
0.7010960298156963,0.0015553687557124,40.3712433090237,3.940602069850722,0.0701392391824247,0.8273425545160795,0.0207447944008984,3,1,0.1,0.7,1,False,False,False,False,True,1e-06,True,2,0.0727002127001159,-9.433001173215027,1.785886479216504,1.1855760419218957,1.9639672030088624,0.2086891874973231,0.8570412227171336,0.0727002127001159,0.0727002127001159,0.9,0.1878202687475908,0.4372126977083877
0.7024886383804428,7.595549010026041e-07,39080.55435150691,5.107854696645471,0.0004036719403223,0.6276639056172659,2.204550408320757e-05,3,1,0.1,0.7,1,False,False,False,False,True,1e-06,True,2,0.0544958156719205,-13.13005177214895,1.5103272157162124,1.031076891552902,1.7966524952473737,0.5932093450818493,1.9100789418744104,0.0544958156719205,0.0544958156719205,0.9,0.5338884105736644,0.1473931480873774
0.7092456622533129,8.817129743752567e-06,2678.792112644208,2.065800419013366,0.00386014484537,0.7400404481998973,0.0003733024838239,3,1,0.1,0.7,1,False,False,False,False,True,1e-06,True,2,0.050509722977403,-14.953235303132685,0.6583833478218309,1.8077619894842536,1.897628647068601,0.351277490889097,1.0397346572186026,0.050509722977403,0.050509722977403,0.9,0.3161497418001873,0.1961848846145804
0.7000130907475565,3.867751074357514e-07,85645.8985258648,-0.3501590126128316,0.000191109007132,0.6435004365491287,1.1675982347461105e-05,3,1,0.1,0.7,1,False,False,False,False,True,1e-06,True,2,0.0544313993787137,-1.218974726051666,0.3438314492494676,1.868763989250127,1.893536401329375,0.5540004997706848,1.8231652359835104,0.0544313993787137,0.0544313993787137,0.9,0.4986004497936163,0.1660683381112977
0.7083887198697328,7.661841678919724e-07,37559.40090935349,0.6278713521002732,0.0003940588992298,0.6550390593802237,2.6624492787321164e-05,3,1,0.1,0.7,1,False,False,False,False,True,1e-06,True,2,0.0532183110069681,-19.07453103312499,0.6779542508335292,1.9250243070759767,1.934669580314599,0.5266265204798123,1.4035586355412166,0.0532183110069681,0.0532183110069681,0.9,0.4739638684318311,0.1550951199197733
0.7060003601414152,0.0002135155271075,96.59327503859868,5.600654724674623,0.0490576451177798,0.8282340900235756,0.0090804115631506,3,1,0.1,0.7,1,False,False,False,False,True,1e-06,True,2,0.0515747008319246,-16.12228705747064,1.935717161743673,1.230030706562197,1.7814268359404928,0.2073881189453758,0.964946156474618,0.0515747008319246,0.0515747008319246,0.9,0.1866493070508382,0.3049656709042364
0.7231948765084357,0.0003862351637594,58.92429150426132,5.00814037685734,0.0801022066434911,0.8370277102121579,0.0147477417812513,3,1,0.1,0.7,1,False,False,False,False,True,1e-06,True,2,0.051641794965788,-9.31678098933827,1.689972319976527,1.1246230671507562,1.95935244064124,0.1947035776707251,1.955585355086411,0.051641794965788,0.051641794965788,0.9,0.1752332199036526,0.3261599149352681
0.7001884076251544,4.021322525971765e-08,463290.86573367065,3.835110469416257,3.3179747686088067e-05,0.5969860827774197,2.1584712124443128e-06,3,1,0.1,0.7,1,False,False,False,False,True,1e-06,True,2,0.0515880517627515,-8.185733053899938,0.9822199498466888,1.7197585072602517,1.7728284147417055,0.6750809254172172,0.5831254419393437,0.0515880517627515,0.0515880517627515,0.9,0.6075728328754955,0.1292118858117423
0.7055645841043325,1.2751602742133752e-06,15606.058189714786,6.007599641376916,0.0006713785889201,0.6482205612688976,6.407767964514797e-05,3,1,0.1,0.7,1,False,False,False,False,True,1e-06,True,2,0.0535088790212959,-5.733430332540808,1.9522889264245389,1.852975696070374,1.7985570112437663,0.5426847893292537,1.0789534017626037,0.0535088790212959,0.0535088790212959,0.9,0.4884163103963283,0.1547708328896216
0.7042657192040305,2.4842021218250296e-07,128832.15479197568,0.6377590413344814,0.0001208204215298,0.6056386821853385,7.762037372669046e-06,3,1,0.1,0.7,1,False,False,False,False,True,1e-06,True,2,0.0569429638310276,-18.040288960615268,0.7904730993151183,1.934716812458588,1.9494934857586947,0.6511494879945245,0.7313432937684912,0.0569429638310276,0.0569429638310276,0.9,0.5860345391950721,0.1450962241851718
0.7087662773239289,2.336728982294141e-05,928.358817516166,4.7645136340939125,0.0206545765013537,0.5554137926501784,0.0010682349813246,3,1,0.1,0.7,1,False,False,False,False,True,1e-06,True,2,0.0521012309997417,-0.1130236625364204,1.1851607542774123,1.3916211290601277,1.8371268199504809,0.8004594290474155,1.3013018690955682,0.0521012309997417,0.0521012309997417,0.9,0.720413486142674,0.2763205225893081
0.7098614504212624,0.0002200666709237,69.79253477205988,5.8648852004777,0.1280034716624927,0.6961973193324423,0.0143257305458204,3,1,0.1,0.7,1,False,False,False,False,True,1e-06,True,2,0.0500459604748183,-0.1845216383955588,1.4615954792687509,1.657485804215057,1.8121271777607584,0.4363743901784379,0.5434097582614233,0.0500459604748183,0.0500459604748183,0.9,0.3927369511605941,0.4352578209511856
0.7050189690107269,7.593603729514237e-08,261619.0333477174,6.674608491116629,9.309102686685642e-05,0.486220983313045,3.368217304791069e-06,3,1,0.1,0.7,1,False,False,False,False,True,1e-06,True,2,0.0520189857904723,-0.1156489479842584,1.264926601304376,1.2681296032697371,1.7857100060077498,1.056678000990688,0.2440520916155409,0.0520189857904723,0.0520189857904723,0.9,0.9510102008916193,0.1762898625132711
0.7150620673680921,2.394193640142022e-07,99138.1243863161,4.600250839456034,0.0001542726410388,0.6062182939721175,9.917780736794735e-06,3,1,0.1,0.7,1,False,False,False,False,True,1e-06,True,2,0.0532642725441477,-2.7316104088745377,1.2810503218015608,1.4033537322225085,1.9121576637146989,0.6495708063306883,1.6196567850262769,0.0532642725441477,0.0532642725441477,0.9,0.5846137256976195,0.1394495338736832
0.7088048146090566,1.7710043709790614e-07,95946.68303798916,5.810506282811375,0.0001426168875725,0.6279341341866792,1.025420452479326e-05,3,1,0.1,0.7,1,False,False,False,False,True,1e-06,True,2,0.05,-6.026297896083165,1.370547675700598,1.4613897333032675,1.8070911873844424,0.5925237147606769,0.967987288383264,0.05,0.05,0.9,0.5332713432846092,0.1362932905098703
0.7224981442018337,1.0056637157340582e-05,2032.980660120962,4.908355508507186,0.0046749252744791,0.7266148708203036,0.0004566750024639,3,1,0.1,0.7,1,False,False,False,False,True,1e-06,True,2,0.0505462847348973,-13.77422611173638,1.2063835098198703,1.2547655060023055,1.9520297640963904,0.3762448859201868,1.3598120543674177,0.0505462847348973,0.0505462847348973,0.9,0.3386203973281681,0.1867114478892453
0.7031307021502331,5.8084883047371865e-08,508737.8508779672,-1.737233879068594,3.928298767463489e-05,0.6058897835816615,1.965648901025743e-06,3,1,0.1,0.7,1,False,False,False,False,True,1e-06,True,2,0.0532406325571401,-18.396470272902725,0.4583404298443086,1.4798955579241089,1.9140744347317589,0.6504651953175257,0.5362866355655611,0.0532406325571401,0.0532406325571401,0.9,0.5854186757857731,0.1356944546792395
0.7063874347722057,2.287760475141407e-07,106017.13013222668,6.333050835781491,0.0001452663671463,0.6207462607336762,7.873090687194717e-06,3,1,0.1,0.7,1,False,False,False,False,True,1e-06,True,2,0.0529023003293873,-15.134833678128963,1.6484601162574044,1.0971094119719036,1.799026290376235,0.6109641946422262,0.7297047225905944,0.0529023003293873,0.0529023003293873,0.9,0.5498677751780036,0.1402931515519063
0.7261939326853011,8.345738805091392e-05,204.1816977680588,4.88152599001939,0.0289530543884388,0.7868658257332645,0.0048975049013551,3,1,0.1,0.7,1,False,False,False,False,True,1e-06,True,2,0.05,-4.1947131305428815,1.5271251720297547,1.8748725107424955,1.9856272235100905,0.2708646980164886,1.6086195177878606,0.05,0.05,0.9,0.2437782282148397,0.2453928503918997
0.7289916926563776,6.41848720859073e-08,293648.76437990385,6.145775665429548,5.012961939485188e-05,0.6244779442687014,2.9146608000415206e-06,3,1,0.1,0.7,1,False,False,False,False,True,1e-06,True,2,0.0503124350326065,-13.899426440917402,1.5774921087458569,1.2759797407823756,1.9984046369999249,0.6013375799381608,0.2758641943831967,0.0503124350326065,0.0503124350326065,0.9,0.5412038219443448,0.1347913493398003
0.7008403677021161,0.0128589492642127,1.6744519263429938,5.970133501890522,3.3146180862816053,0.6341964150955892,0.5763253406924079,3,1,0.1,0.7,1,False,False,False,False,True,1e-06,True,2,0.0634962833139521,-0.0789786311112727,1.7282378351997698,1.26411927817785,1.8285824947551208,0.5767985693348249,1.709544750650177,0.0634962833139521,0.0634962833139521,0.9,0.5191187124013424,-0.440732264938813
0.7076852633096633,1.7404981312296696e-05,1717.254685687667,3.442811572627371,0.0049558698615253,0.7612560858207125,0.0005823245304884,3,1,0.1,0.7,1,False,False,False,False,True,1e-06,True,2,0.0537902469668626,-5.730600902816676,0.4601167653246585,1.2683549369617728,1.8906051779983089,0.3136183981004197,1.810189108052624,0.0537902469668626,0.0537902469668626,0.9,0.2822565582903777,0.2322565678964121
0.7193112880610634,6.7000174080333e-06,3338.291631692417,3.29603087919509,0.0031077618560129,0.7373832161050506,0.0002995543830188,3,1,0.1,0.7,1,False,False,False,False,True,1e-06,True,2,0.05,-11.786557912633707,0.5941352967155857,1.2419455308903224,1.9546026823840308,0.3561469506752863,0.94165023577303,0.05,0.05,0.9,0.3205322556077577,0.1926866065385518
0.7012659710711449,2.7040347853523328e-05,904.4169150339812,3.643656117228252,0.008722854152947,0.7824786586232663,0.0011056833990553,3,1,0.1,0.7,1,False,False,False,False,True,1e-06,True,2,0.0512620664014197,-12.18040860648573,0.522066373297203,1.176525999035589,1.8028743334384951,0.2779901266054362,0.5585330906930512,0.0512620664014197,0.0512620664014197,0.9,0.2501911139448926,0.2392871705400742
0.7101584580377911,0.0001456270458666,262.2479027320662,4.289780790727966,0.0243346925248383,0.7570926971318294,0.0035553430058894,3,1,0.1,0.7,1,False,False,False,False,True,1e-06,True,2,0.0604872764250207,-15.821752058314418,1.3638630188416332,1.2846627695672552,1.9446493332792,0.3208422215514704,1.6498648704742125,0.0604872764250207,0.0604872764250207,0.9,0.2887579993963234,0.2520167692651687
0.7020954421102171,3.717688555464486e-06,5305.965828410312,5.13415205086733,0.0017554490452414,0.6874464130615453,0.0001884670960393,3,1,0.1,0.7,1,False,False,False,False,True,1e-06,True,2,0.0527059036155953,-5.430709796997457,1.3525112926040943,1.7838173807548598,1.7775781072509726,0.4546588374015888,0.8567158546106098,0.0527059036155953,0.0527059036155953,0.9,0.40919295366143,0.1723080676675191
0.7100622119151646,0.0005452273033725,44.154561076788376,4.818181727602532,0.086196508764905,0.841505503274469,0.0224424938888586,3,1,0.1,0.7,1,False,False,False,False,True,1e-06,True,2,0.0542479986314237,-5.4399006762055535,1.413121379600294,1.4199942430377193,1.8643836079174263,0.1883463579368127,1.9100670392905128,0.0542479986314237,0.0542479986314237,0.9,0.1695117221431314,0.3614056376451578
0.7241097175527585,1.848137790882661e-07,99576.9577752235,5.270499078049118,0.0001514821294169,0.5869841608146985,9.894702844086266e-06,3,1,0.1,0.7,1,False,False,False,False,True,1e-06,True,2,0.0514070075839381,-0.4034978316141675,1.1605568269095123,1.5418752678153764,1.973017239971247,0.7036234821260939,0.4645558137456085,0.0514070075839381,0.0514070075839381,0.9,0.6332611339134846,0.1519873959296379
0.7081370554095844,0.0115496912327099,2.329058002476801,3.998669793934827,0.8679091974915867,0.8120059291902197,0.4189280690288991,3,1,0.1,0.7,1,False,False,False,False,True,1e-06,True,2,0.0665141550936981,-0.0819666909685921,1.04280383829644,1.6806926763170278,1.9987893137902288,0.2315181011021176,1.1980337989375955,0.0665141550936981,0.0665141550936981,0.9,0.2083662909919059,-0.1412397748673453
0.7153224409155682,3.843609885753956e-05,877.1994065001387,4.71996912529773,0.0081274246141938,0.7130866115657887,0.001084133292333,3,1,0.1,0.7,1,False,False,False,False,True,1e-06,True,2,0.0605588198775076,-7.692523518820895,1.5626002540945607,1.49725584732311,1.975511369596356,0.4023541934186784,0.9339184670933056,0.0605588198775076,0.0605588198775076,0.9,0.3621187740768106,0.2152822309017711
0.7073980352126402,2.434195302696246e-05,1008.2297906604304,4.905094345999694,0.0069923402480271,0.7179925391943144,0.0009918366344437,3,1,0.1,0.7,1,False,False,False,False,True,1e-06,True,2,0.0564986071120516,-6.303559192937174,1.6076885230829605,1.9731775370871112,1.8595564231627628,0.3927721325936569,0.9845655035837696,0.0564986071120516,0.0564986071120516,0.9,0.3534949193342913,0.2050229463706677
0.7118580091646941,1.149371115939128e-07,235090.8269197553,6.2415435202475615,6.767988177967982e-05,0.5841876674694154,3.680942250114317e-06,3,1,0.1,0.7,1,False,False,False,False,True,1e-06,True,2,0.0562286699003508,-11.36005071083672,1.983249100896366,1.2470706229971402,1.8871517597474143,0.711778689768993,0.8312960048106228,0.0562286699003508,0.0562286699003508,0.9,0.6406008207920937,0.1361730180958548
0.7123629005083761,3.471490707333479e-05,1128.1286118920875,4.671155465854923,0.0068386230841624,0.6887146549318177,0.0008438443466907,3,1,0.1,0.7,1,False,False,False,False,True,1e-06,True,2,0.0633466776237755,-8.210677558395918,1.8060518064239093,1.5249904792524838,1.978026321258041,0.4519801384203148,1.2144815123126802,0.0633466776237755,0.0633466776237755,0.9,0.4067821245782833,0.2070343643394974
0.726075406610007,0.0007072740401953,31.59322188970931,4.863397716153654,0.0946286491899112,0.8874543791234507,0.0266000428100424,3,1,0.1,0.7,1,False,False,False,False,True,1e-06,True,2,0.0512495763883425,-9.320162928709376,1.1281869650299736,1.0278115393161535,1.98822198033625,0.1268184861375205,1.4910651482425543,0.0512495763883425,0.0512495763883425,0.9,0.1141366375237684,0.4760065328066576
0.7048556287670924,2.8679690898625145e-08,904450.2847352364,0.1170183443609855,2.154635689288825e-05,0.6097144142935866,1.1056439616695636e-06,3,1,0.1,0.7,1,False,False,False,False,True,1e-06,True,2,0.0522070583612473,-1.6229616573602037,0.277625224539098,1.463269949968473,1.8831455839474391,0.6401121189804854,1.646130138144062,0.0522070583612473,0.0522070583612473,0.9,0.5761009070824369,0.1408441896847699
0.707753552280514,6.9250276191079765e-06,4692.932882822714,5.632843431163724,0.0023694784422741,0.6705955299623405,0.000180791580706,3,1,0.1,0.7,1,False,False,False,False,True,1e-06,True,2,0.05727569078071,-2.7646975404950567,1.996016738160152,1.1694839489438942,1.84975872792228,0.4912118487520462,0.8824829271921618,0.05727569078071,0.05727569078071,0.9,0.4420906638768416,0.1815325990733554
0.7118035111156257,2.049722705420101e-08,1058245.468405671,1.276731215258309,1.8179460079256207e-05,0.6064358333125242,9.44960346621292e-07,3,1,0.1,0.7,1,False,False,False,False,True,1e-06,True,2,0.0503428677843393,-9.209841296625743,0.46079816341947,1.5198864434136827,1.900469312432088,0.6489790758862601,1.9404322242394183,0.0503428677843393,0.0503428677843393,0.9,0.5840811682976341,0.1290018260293992
0.7085930600556798,0.0001829699848765,181.52977901016504,4.757776197524824,0.0355194363055669,0.7733092337103249,0.0048476285547897,3,1,0.1,0.7,1,False,False,False,False,True,1e-06,True,2,0.0574309787834487,-4.154070622687833,1.5767528568918312,1.144153198502,1.878248910454161,0.29314374690965,1.597799130070233,0.0574309787834487,0.0574309787834487,0.9,0.2638293722186851,0.2658846671593549
0.7078190302114192,2.234921359748899e-05,1485.687734041962,4.905092513070505,0.0047908552286794,0.686017712308202,0.0006730887216672,3,1,0.1,0.7,1,False,False,False,False,True,1e-06,True,2,0.0624442859231436,-7.919636993195731,1.879328518119536,1.9197803420016697,1.9150478889552345,0.4576883104597414,0.8618301412899143,0.0624442859231436,0.0624442859231436,0.9,0.4119194794137673,0.2023645693599639
0.7001277294876095,2.1291024743073768e-08,1337106.5690066114,-1.8091900998728152,1.6463432428673305e-05,0.5872087330494793,7.478835479212632e-07,3,1,0.1,0.7,1,False,False,False,False,True,1e-06,True,2,0.0548391879028081,-11.888425570605175,0.3338111862361186,1.135795700088141,1.931347458304512,0.7029719479933862,0.3112560196966459,0.0548391879028081,0.0548391879028081,0.9,0.6326747531940476,0.1337271829609768
0.7150131153741195,0.0073995942267298,2.3975667540709584,4.925597572989735,1.3279962927915023,0.7620897211256312,0.4011770164854006,3,1,0.1,0.7,1,False,False,False,False,True,1e-06,True,2,0.0591631960173029,-0.1078695881373086,1.92382225170262,1.960587422216658,1.9387644849572585,0.3121814561715483,0.7023048731603013,0.0591631960173029,0.0591631960173029,0.9,0.2809633105543935,-0.3285515247750528
0.7083502323566623,6.397405753999432e-06,4168.962071522368,1.9635341927475551,0.0024672275119518,0.747144590180549,0.0002398678278094,3,1,0.1,0.7,1,False,False,False,False,True,1e-06,True,2,0.0513862075760722,-19.82767982766236,0.4257336892004638,1.6916436238658423,1.9075020846550488,0.3384290178134702,1.5544429805775413,0.0513862075760722,0.0513862075760722,0.9,0.3045861160321232,0.2047919495354332
0.7138934344504819,0.0008028932463962,26.52642753460205,5.073526812517619,0.0842443869607623,0.9014323736910974,0.0318396386371362,3,1,0.1,0.7,1,False,False,False,False,True,1e-06,True,2,0.0521379493669112,-18.69471609088288,1.2406891819395105,1.0862812729556073,1.864625927320687,0.1093455584530401,0.8856853994951714,0.0521379493669112,0.0521379493669112,0.9,0.0984110026077361,0.5428005234007331
0.7008845795372176,6.021397011924987e-08,278291.2772293455,6.790487671926192,5.543102362198603e-05,0.6024098395564329,3.439309452829634e-06,3,1,0.1,0.7,1,False,False,False,False,True,1e-06,True,2,0.05,-19.797744805865783,1.9439588324926569,1.4505264634640136,1.7295349670542464,0.6599994461184779,1.2482414828289463,0.05,0.05,0.9,0.5939995015066302,0.1262407094127537
0.7046104088775794,2.4168424750849524e-07,99046.60053067676,4.575675723138804,0.0001587580888553,0.598001895536343,1.0076933984239652e-05,3,1,0.1,0.7,1,False,False,False,False,True,1e-06,True,2,0.0536155179299525,-1.2015815280470008,1.1689635609043658,1.392593021936522,1.8181529795922216,0.672235502034836,1.3723314470699062,0.0536155179299525,0.0536155179299525,0.9,0.6050119518313524,0.142854797585381
0.7117254362527092,5.331731151447585e-07,50256.93497077288,4.25075075927737,0.0002786901424967,0.6219859378816649,1.989385500678216e-05,3,1,0.1,0.7,1,False,False,False,False,True,1e-06,True,2,0.0548453093782099,-19.5140285061064,1.2154290247134107,1.425165029561312,1.9030570787246723,0.6077533897402254,1.733798813037932,0.0548453093782099,0.0548453093782099,0.9,0.5469780507662029,0.1457620909629709
0.7115498282760178,3.247657138790406e-07,71281.76602087381,4.757739766471625,0.000167390747691,0.6110601311498829,1.4028833115346706e-05,3,1,0.1,0.7,1,False,False,False,False,True,1e-06,True,2,0.0557423735592486,-5.803883680012604,1.3866943130673508,1.945405156124136,1.9024049940861152,0.6365001560782838,0.7088480775746577,0.0557423735592486,0.0557423735592486,0.9,0.5728501404704555,0.1455144510739562
0.7059693690694039,2.3047402763863112e-05,1324.6423348711107,4.383961714547926,0.005864772042796,0.7052833364912948,0.0007549203893544,3,1,0.1,0.7,1,False,False,False,False,True,1e-06,True,2,0.0588004620112954,-1.575557855278241,1.075009026453151,1.52460931463238,1.8858287255493853,0.4178698804580971,0.5449823695360161,0.0588004620112954,0.0588004620112954,0.9,0.3760828924122874,0.2190816439916416
0.7147506978686701,1.7254162886815295e-06,16961.95554267054,3.448135482565731,0.0007093979152247,0.6443814464154597,5.895546618844606e-05,3,1,0.1,0.7,1,False,False,False,False,True,1e-06,True,2,0.0563378637309943,-19.880453048642224,1.113776935432605,1.7197622821227667,1.9720914364716493,0.5518758424265029,1.5627987484625887,0.0563378637309943,0.0563378637309943,0.9,0.4966882581838526,0.1592398542832547
0.7208053841348309,3.924658973590764e-05,574.9806544413553,4.04404996318489,0.0092671615092263,0.8163387550822093,0.0017043614327357,3,1,0.1,0.7,1,False,False,False,False,True,1e-06,True,2,0.0518761504992192,-6.213803277687205,0.5275902044634583,1.3085383450184298,1.981230892576291,0.2249816559294615,0.149901765588891,0.0518761504992192,0.0518761504992192,0.9,0.2024834903365153,0.2933407980133956
0.7186208125251334,2.7275866244266205e-06,8537.918778175668,5.241830941884077,0.0013792621466029,0.6730722195663438,0.0001064741035668,3,1,0.1,0.7,1,False,False,False,False,True,1e-06,True,2,0.0524679029910951,-19.913962958473608,1.5743958233631206,1.248896253594602,1.9242811801295072,0.4857246680665172,1.553893646242246,0.0524679029910951,0.0524679029910951,0.9,0.4371522012598655,0.1613630330724882
0.7115136953643978,0.000289548981793,63.77636327107203,5.987761483888584,0.1303279842145669,0.7273172407241683,0.0142519028795072,3,1,0.1,0.7,1,False,False,False,False,True,1e-06,True,2,0.0510169318259549,-0.2568370997112623,1.8381063025353288,1.365863990494116,1.8278213757530464,0.3749158469065433,0.82188897599694,0.0510169318259549,0.0510169318259549,0.9,0.337424262215889,0.3979112632137145
0.7074424098091332,2.2440636503947475e-05,1268.6607132595857,4.697916349882433,0.0061720543642878,0.710242776946765,0.0007882324365651,3,1,0.1,0.7,1,False,False,False,False,True,1e-06,True,2,0.057500511090475,-15.590326151114072,1.4250857745075975,1.6116218670034788,1.8756431579689743,0.4079692641139714,1.2002837124684338,0.057500511090475,0.057500511090475,0.9,0.3671723377025742,0.2002541373884607
0.7095060403565145,2.5553347506905023e-08,890169.3245661376,3.435352640958214,2.116284528666907e-05,0.5643222395784987,1.1233817792296205e-06,3,1,0.1,0.7,1,False,False,False,False,True,1e-06,True,2,0.0544595045672207,-5.560060638397616,1.0184014613839067,1.4018653037314397,1.908687426994501,0.7720371976601805,1.9007022314281417,0.0544595045672207,0.0544595045672207,0.9,0.6948334778941625,0.1266057413187629
0.703614450942895,1.5240914935336046e-05,1831.716763803012,4.867421665661484,0.0054443961301451,0.711439786333527,0.0004944528776373,3,1,0.1,0.7,1,False,False,False,False,True,1e-06,True,2,0.0544238407616679,-6.456788139073613,1.2789949488047063,1.1430316400292913,1.8091214217505,0.4056003321849563,1.6332915194935145,0.0544238407616679,0.0544238407616679,0.9,0.3650402989664607,0.1926074460386345
0.7019513390738773,0.0003413534683812,68.3336005909131,4.886317546663097,0.0611036056019772,0.8656587404445012,0.0131402076499941,3,1,0.1,0.7,1,False,False,False,False,True,1e-06,True,2,0.0509367705802095,-2.7242123101176325,0.6771360057661338,1.0068174539622363,1.7755111234651535,0.1551896299071812,1.229900806631522,0.0509367705802095,0.0509367705802095,0.9,0.1396706669164631,0.4311000020298611
0.709206023385841,6.412233753112156e-05,487.62665187493405,1.9846216508535208,0.0130987800315455,0.8585236358020356,0.0020507188684552,3,1,0.1,0.7,1,False,False,False,False,True,1e-06,True,2,0.05,-18.336441259815395,0.2438446658988498,1.3894302935462677,1.97646174187626,0.1647902961527631,0.5150512895941767,0.05,0.05,0.9,0.1483112665374868,0.3593623484160336
0.7186219675826946,0.0003237315211095,59.583734753751344,5.367966882939081,0.0642200672741899,0.8631668693712191,0.0139115470299014,3,1,0.1,0.7,1,False,False,False,False,True,1e-06,True,2,0.05,-19.26632486838726,1.4634904817203584,1.0803836480219873,1.8891246381479048,0.1585245396738385,0.8265489461591088,0.05,0.05,0.9,0.1426720857064547,0.3714902388138493
0.715219239916188,2.368738679365504e-05,794.6078983510877,5.616328703948511,0.0106232155702161,0.7460240059091696,0.0011556017087328,3,1,0.1,0.7,1,False,False,False,False,True,1e-06,True,2,0.05,-16.977989634241993,1.96911222040554,1.2978213361338546,1.8623599354137643,0.3404394390517143,1.7054894805698626,0.05,0.05,0.9,0.3063954951465429,0.1985868864733244
0.7213352341951383,0.0005721437840065,36.62077428500235,4.903946359656407,0.0685670944782103,0.8899239357161786,0.0237822662727366,3,1,0.1,0.7,1,False,False,False,False,True,1e-06,True,2,0.0521056625047249,-16.04654741591836,1.1006021034141973,1.1655366770952642,1.943592899934989,0.1236915424633861,0.6820198291622841,0.0521056625047249,0.0521056625047249,0.9,0.1113223882170474,0.4861222227916074
0.7204754099882295,1.4491187800066875e-06,22102.628538000623,4.047235679785854,0.0007177335969687,0.6242247708039834,3.978421652181381e-05,3,1,0.1,0.7,1,False,False,False,False,True,1e-06,True,2,0.0551313166306693,-0.909648686998132,1.055529966608074,1.079455698933975,1.996295576481789,0.6019870514142348,1.9026147053100109,0.0551313166306693,0.0551313166306693,0.9,0.5417883462728114,0.1631380726725341
0.7005015615462271,2.047857210194812e-05,1531.4621228741858,3.339021353127644,0.0055958449909633,0.7387546931448274,0.0006529704818741,3,1,0.1,0.7,1,False,False,False,False,True,1e-06,True,2,0.0557893174615894,-10.318090247514888,0.6436735162231728,1.306286532410772,1.847884520976245,0.3536293024996826,0.66536517746808,0.0557893174615894,0.0557893174615894,0.9,0.3182663722497144,0.2168673338924237
0.7170217477095105,1.722089176731238e-07,128068.6761566462,5.719049235841843,0.0001302418497646,0.5920618200857294,7.200668484840991e-06,3,1,0.1,0.7,1,False,False,False,False,True,1e-06,True,2,0.0521768757122976,-1.2373955961087262,1.872438231623768,1.3090672110018986,1.9037992899402805,0.6890128126404131,1.7647843478349818,0.0521768757122976,0.0521768757122976,0.9,0.6201115313763719,0.1362416940125111
0.7103962181456811,0.0042666171773692,5.861439573594554,4.300887177588129,1.0199619629129644,0.7562861423946756,0.1562569921937137,3,1,0.1,0.7,1,False,False,False,False,True,1e-06,True,2,0.0560937369253441,-0.0551340966268476,0.5746547529863106,1.0594323158562895,1.906242504918065,0.3222508571076526,1.350646037418627,0.0560937369253441,0.0560937369253441,0.9,0.2900257713968874,-0.1066956614213231
0.7286432719649105,1.306932901463596e-06,17110.545042916867,5.597694508729287,0.0008564000760155,0.6647421442254063,4.822881823325178e-05,3,1,0.1,0.7,1,False,False,False,False,True,1e-06,True,2,0.0500841529358848,-12.584970054432487,1.9952040105132856,1.0385118130666704,1.9989521570899365,0.5043427119627782,1.6499859117652231,0.0500841529358848,0.0500841529358848,0.9,0.4539084407665004,0.1505781315420449
0.7117020861287023,0.0001130186949348,227.88520580880268,4.450764907907526,0.0263442873583418,0.8103387801256235,0.0040391618326007,3,1,0.1,0.7,1,False,False,False,False,True,1e-06,True,2,0.0525948361953399,-9.89719129120289,0.7732639635240285,1.1096267505371424,1.884179887147036,0.2340517627022293,1.051527574434438,0.0525948361953399,0.0525948361953399,0.9,0.2106465864320063,0.28375193870159
0.7005069682661286,0.0003115981472196,82.73045687334465,3.726568264332056,0.0397981594024361,0.8884671940870558,0.0120893941752213,3,1,0.1,0.7,1,False,False,False,False,True,1e-06,True,2,0.0517844085032266,-2.6378566654319577,0.4875278333372632,1.7199628936589657,1.8561996918687005,0.1255339607981245,0.2881100975678932,0.0517844085032266,0.0517844085032266,0.9,0.112980564718312,0.5503646394692158
0.7156562500769078,1.4939575638957969e-07,112667.06195826927,5.886435364888091,0.0001168907430153,0.6315604389165892,8.390147857371687e-06,3,1,0.1,0.7,1,False,False,False,False,True,1e-06,True,2,0.0500484107589139,-5.571772990833823,1.2729366171694936,1.4104785809989262,1.868606540895986,0.5833797343536127,0.557440797811861,0.0500484107589139,0.0500484107589139,0.9,0.5250417609182514,0.1379631265595386
0.7128385494210197,1.957867484181281e-06,14721.597505602082,5.669678964984292,0.0008897293406231,0.6584763917771944,5.551300953597287e-05,3,1,0.1,0.7,1,False,False,False,False,True,1e-06,True,2,0.054509231105804,-6.738333737924895,1.5679879826107777,1.036924740466406,1.8768033372006527,0.5186573315119932,0.8732391900708691,0.054509231105804,0.054509231105804,0.9,0.4667915983607939,0.1621348346697853
0.7078149673535264,0.0007705525545781,24.409308644012444,4.880001114227922,0.0700985375529785,0.9054456070407864,0.0409227763611839,3,1,0.1,0.7,1,False,False,False,False,True,1e-06,True,2,0.0530519365497347,-18.984102651809,1.1534249328934696,1.7201114078008652,1.834491838859717,0.1044285733167784,0.6550370301954738,0.0530519365497347,0.0530519365497347,0.9,0.0939857159851005,0.5765005657116473
