efficiency,dark count rate,jitter,entropy production,entropy rate,machine_efficiency,L first gap,d_l,e_max,e_s,TH,TC,g_sl,g_ml,e_C,e_C_factor,t_f,t_steps,rateM,rateD,rateB,Tb,Td,k,Tb_indep_flag,Td_indep_flag,Td_eq_Tb_flag,Max_TV_flag,epsilon,e_l,TV
0.012345678966819578,4.793282635944694e-12,10.322622205383292,24.369458196306446,16.88271675754799,0.5010406921040025,,3,1,0.1,200417.16522968427,0.01,2,1,0.8962612901172999,0.995845877908111,1,10,1,0.1,0.8,0.01,0.01,1,False,False,False,True,1e-07,0.9,-0.010041715512249902
0.01234567865909458,3.719258850347798e-11,10.322617390777651,21.872937206479513,15.153178003487957,0.5010406921040024,,3,1,0.1,223292.27048587645,0.011141374574404603,2,1,0.8962612901172999,0.995845877908111,1,10,1,0.1,0.8,0.011141374574404603,0.011141374574404603,1,False,False,False,True,1e-07,0.9,-0.011187851389158536
0.012345676790334482,2.3394947940453906e-10,10.322612487300129,19.632173684870484,13.600819625499081,0.5010406921040024,,3,1,0.1,248778.28291504926,0.012413022740718939,2,1,0.8962612901172999,0.995845877908111,1,10,1,0.1,0.8,0.012413022740718939,0.012413022740718939,1,False,False,False,True,1e-07,0.9,-0.012464804300938817
0.012345667435363755,1.2189015403010373e-09,10.32260527991202,17.620973695661142,12.207488947621957,0.5010406921040024,,3,1,0.1,277173.20313036785,0.013829813595495212,2,1,0.8962612901172999,0.995845877908111,1,10,1,0.1,0.8,0.013829813595495212,0.013829813595495212,1,False,False,False,True,1e-07,0.9,-0.013887505371340888
0.012345628078852262,5.3626285277654055e-09,10.322587494681159,15.8158433601217,10.956888863594578,0.5010406921040024,,3,1,0.1,308809.04799522745,0.015408313356160552,2,1,0.8962612901172999,0.995845877908111,1,10,1,0.1,0.8,0.015408313356160552,0.015408313356160552,1,False,False,False,True,1e-07,0.9,-0.015472589924616477
0.012345486483942398,2.0270842613265803e-08,10.322532688348916,14.195738793969166,9.834381314228043,0.5010406921040024,,3,1,0.1,344055.7277597,0.017166979066078603,2,1,0.8962612901172999,0.995845877908111,1,10,1,0.1,0.8,0.017166979066078603,0.017166979066078603,1,False,False,False,True,1e-07,0.9,-0.017238591998631085
0.01234504395062617,6.686536868732873e-08,10.322368196448236,12.741866183091258,8.826804946185659,0.5010406921040024,,3,1,0.1,383325.3733343743,0.01912637440861442,2,1,0.8962612901172999,0.995845877908111,1,10,1,0.1,0.8,0.01912637440861442,0.01912637440861442,1,False,False,False,True,1e-07,0.9,-0.0192061610592083
0.01234382542268702,1.9517384296968063e-07,10.321920334585789,11.43753146548134,7.922304362847216,0.5010406921040024,,3,1,0.1,427077.15706122963,0.021309410153667968,2,1,0.8962612901172999,0.995845877908111,1,10,1,0.1,0.8,0.021309410153667968,0.021309410153667968,1,False,False,False,True,1e-07,0.9,-0.02139830344969832
0.012340831731397411,5.104601675007537e-07,10.320823779068538,10.268025579620065,7.11017186647551,0.5010406921040024,,3,1,0.1,475822.657564812,0.02374161204816357,2,1,0.8962612901172999,0.995845877908111,1,10,1,0.1,0.8,0.02374161204816357,0.02374161204816357,1,False,False,False,True,1e-07,0.9,-0.02384065139898633
0.012334194907598996,1.2097179401599142e-06,10.318395302860742,9.220512835664996,6.380707106317528,0.5010406921040024,,3,1,0.1,530131.8466990698,0.026451419282878755,2,1,0.8962612901172999,0.995845877908111,1,10,1,0.1,0.8,0.026451419282878755,0.026451419282878755,1,False,False,False,True,1e-07,0.9,-0.02656176273339098
0.012320784695148846,2.6238346284410386e-06,10.3134889466844,8.283876093216524,5.725103208289072,0.5010406921040024,,3,1,0.1,590639.7474479738,0.029470517025518096,2,1,0.8962612901172999,0.995845877908111,1,10,1,0.1,0.8,0.029470517025518096,0.029470517025518096,1,False,False,False,True,1e-07,0.9,-0.029593454796916992
0.012295870881458013,5.255332417322679e-06,10.30436960756606,7.448473722811721,5.135367234747971,0.5010406921040024,,3,1,0.1,658053.8655182146,0.03283420690826654,2,1,0.8962612901172999,0.995845877908111,1,10,1,0.1,0.8,0.03283420690826654,0.03283420690826654,1,False,False,False,True,1e-07,0.9,-0.03297117648431631
0.012252988818999342,9.797920487927132e-06,10.28865653430476,6.705785369302973,4.604277316519716,0.5010406921040024,,3,1,0.1,733162.460960489,0.03658181980185008,2,1,0.8962612901172999,0.995845877908111,1,10,1,0.1,0.8,0.03658181980185008,0.03658181980185008,1,False,False,False,True,1e-07,0.9,-0.03673442273705686
0.012184159080700753,1.7124429734880433e-05,10.263388602565275,6.047963714583704,4.125370095495544,0.5010406921040024,,3,1,0.1,816843.7615024893,0.04075717570257835,2,1,0.8962612901172999,0.995845877908111,1,10,1,0.1,0.8,0.04075717570257835,0.04075717570257835,1,False,False,False,True,1e-07,0.9,-0.04092719634880758
0.012080558496223246,2.8235002482753694e-05,10.22524423641128,5.467357496224073,3.692943539816421,0.5010406921040024,,3,1,0.1,910076.2302131369,0.045409096109724746,2,1,0.8962612901172999,0.995845877908111,1,10,1,0.1,0.8,0.045409096109724746,0.045409096109724746,1,False,False,False,True,1e-07,0.9,-0.04559852248022697
0.011933627316344626,4.416675211067742e-05,10.170911425386775,4.956110572488125,3.3020552158935206,0.5010406921040024,,3,1,0.1,1013950.0169136256,0.05059197488435822,2,1,0.8962612901172999,0.995845877908111,1,10,1,0.1,0.8,0.05059197488435822,0.05059197488435822,1,False,False,False,True,1e-07,0.9,-0.05080302189916175
0.011736449037014403,6.587688948155114e-05,10.097556143028811,4.505952677772182,2.9484969307509497,0.5010406921040024,,3,1,0.1,1129679.6942493417,0.056366414264550524,2,1,0.8962612901172999,0.995845877908111,1,10,1,0.1,0.8,0.056366414264550524,0.056366414264550524,1,False,False,False,True,1e-07,0.9,-0.05660154964902412
0.011485105660031485,9.412003918426912e-05,10.003296472547094,4.1082631595147125,2.628733495526745,0.5010406921040024,,3,1,0.1,1258618.4639040076,0.06279993347374203,2,1,0.8962612901172999,0.995845877908111,1,10,1,0.1,0.8,0.06279993347374203,0.06279993347374203,1,False,False,False,True,1e-07,0.9,-0.06306190661315372
0.011179655929829134,0.00012934389813994723,9.887573548699486,3.7544098557911476,2.339804273718792,0.5010406921040024,,3,1,0.1,1402273.9738430681,0.06996775820786501,2,1,0.8962612901172999,0.995845877908111,1,10,1,0.1,0.8,0.06996775820786501,0.06996775820786501,1,False,False,False,True,1e-07,0.9,-0.07025963229532685
0.010824452526356507,0.00017162382344573085,9.75133150555247,3.436268532315261,2.079197614885205,0.5010406921040024,,3,1,0.1,1562325.959382379,0.0779537002325196,2,1,0.8962612901172999,0.995845877908111,1,10,1,0.1,0.8,0.0779537002325196,0.0779537002325196,1,False,False,False,True,1e-07,0.9,-0.0782788880862171
0.01042769680335489,0.00022064716335716813,9.596973626840292,3.146759831155116,1.8447163515792924,0.5010406921040024,,3,1,0.1,1740645.8717649,0.08685113737513525,2,1,0.8962612901172999,0.995845877908111,1,10,1,0.1,0.8,0.08685113737513525,0.08685113737513525,1,False,False,False,True,1e-07,0.9,-0.0872134413436443
0.010000354797240157,0.00027574540243668156,9.428129236223981,2.8802377278332054,1.6343547307914055,0.5010406921040024,,3,1,0.1,1939318.7668243877,0.09676410537094532,2,1,0.8962612901172999,0.995845877908111,1,10,1,0.1,0.8,0.09676410537094532,0.09676410537094532,1,False,False,False,True,1e-07,0.9,-0.09716776179324058
0.009554728720019294,0.00033596091853820703,9.249315408316278,2.632627839848124,1.4462033980808409,0.5010406921040024,,3,1,0.1,2160667.6808306174,0.10780851432948585,2,1,0.8962612901172999,0.995845877908111,1,10,1,0.1,0.8,0.10780851432948585,0.10780851432948585,1,False,False,False,True,1e-07,0.9,-0.1082582430695014
0.009103028876765056,0.0004001290918630175,9.065587597507632,2.4013100153714455,1.2783914608641127,0.5010406921040024,,3,1,0.1,2407280.7937350464,0.12011350404548678,2,1,0.8962612901172999,0.995845877908111,1,10,1,0.1,0.8,0.12011350404548678,0.12011350404548678,1,False,False,False,True,1e-07,0.9,-0.1206145636804256
0.008656222924201916,0.0004669571953925513,8.882242460814146,2.1848198308020725,1.1290661318207245,0.5010406921040024,,3,1,0.1,2682041.703446354,0.13382295400150307,2,1,0.8962612901172999,0.995845877908111,1,10,1,0.1,0.8,0.13382295400150307,0.13382295400150307,1,False,False,False,True,1e-07,0.9,-0.13438120330919986
0.008223307230552241,0.0005350877932376884,8.704582331822573,1.9824781334547288,0.9964033459498963,0.5010406921040024,,3,1,0.1,2988163.1203426477,0.14909716571840637,2,1,0.8962612901172999,0.995845877908111,1,10,1,0.1,0.8,0.14909716571840637,0.14909716571840637,1,False,False,False,True,1e-07,0.9,-0.14971913218270158
0.007811015291386556,0.0006031431506548482,8.537699308584788,1.794046061895822,0.8786383152630576,0.5010406921040023,,3,1,0.1,3329224.472773343,0.16611473712508423,2,1,0.8962612901172999,0.995845877908111,1,10,1,0.1,0.8,0.16611473712508423,0.16611473712508423,1,False,False,False,True,1e-07,0.9,-0.1668076932602273
0.007423892919877269,0.0006697547009993951,8.38620821345472,1.6194644173542194,0.7741035680432733,0.5010406921040024,,3,1,0.1,3709213.684273148,0.18507465086393185,2,1,0.8962612901172999,0.995845877908111,1,10,1,0.1,0.8,0.18507465086393185,0.18507465086393185,1,False,False,False,True,1e-07,0.9,-0.18584669925045794
0.007064636637844294,0.0007335851711637649,8.253860994125793,1.458693556068281,0.6812633530984592,0.5010406921040024,,3,1,0.1,4132573.896162749,0.2061986009502219,2,1,0.8962612901172999,0.995845877908111,1,10,1,0.1,0.8,0.2061986009502219,0.2061986009502219,1,False,False,False,True,1e-07,0.9,-0.2070587689766071
0.006734593949873767,0.000793349857779927,8.14300833857509,1.311638259626988,0.598736691922668,0.5010406921040024,,3,1,0.1,4604255.376664037,0.22973358499046043,2,1,0.8962612901172999,0.995845877908111,1,10,1,0.1,0.8,0.22973358499046043,0.22973358499046043,1,False,False,False,True,1e-07,0.9,-0.2306919304083488
0.006434339264721739,0.0008478393488907396,8.053928296184688,1.1781264072803435,0.5253058221767516,0.5010406921040024,,3,1,0.1,5129773.375719185,0.25595479226995344,2,1,0.8962612901172999,0.995845877908111,1,10,1,0.1,0.8,0.25595479226995344,0.25595479226995344,1,False,False,False,True,1e-07,0.9,-0.2570225207971893
0.006164249832472747,0.0008959417018065074,7.984107830587084,1.0579084358941722,0.4599111198844759,0.5010406921040024,,3,1,0.1,5715272.678293227,0.28516882147934725,2,1,0.8962612901172999,0.995845877908111,1,10,1,0.1,0.8,0.28516882147934725,0.28516882147934725,1,False,False,False,True,1e-07,0.9,-0.2863584178259184
0.005925003750863375,0.0009366606216032039,7.927638372599379,0.9506511829740273,0.4016367426159956,0.5010406921040024,,3,1,0.1,6367599.352990125,0.31771726570429243,2,1,0.8962612901172999,0.995845877908111,1,10,1,0.1,0.8,0.31771726570429243,0.31771726570429243,1,False,False,False,True,1e-07,0.9,-0.31904263955324175
0.005717907524642167,0.0009691287550208274,7.87496691146096,0.8559102756871304,0.34969250297727755,0.5010406921040024,,3,1,0.1,7094380.960738681,0.3539807065967155,2,1,0.8962612901172999,0.995845877908111,1,10,1,0.1,0.8,0.3539807065967155,0.3539807065967155,1,False,False,False,True,1e-07,0.9,-0.35545735524694194
0.00554494647913124,0.0009926204288460674,7.813304099880117,0.773078113663851,0.30339673252093813,0.5010406921040024,,3,1,0.1,7904115.580367755,0.39438316443064236,2,1,0.8962612901172999,0.995845877908111,1,10,1,0.1,0.8,0.39438316443064236,0.39438316443064236,1,False,False,False,True,1e-07,0.9,-0.3960283540033385
0.005408465968975717,0.0010065724042588931,7.72796101105705,0.7013197953733821,0.26216264673559575,0.5010406921040024,,3,1,0.1,8806271.211991947,0.4393970560760788,2,1,0.8962612901172999,0.995845877908111,1,10,1,0.1,0.8,0.4393970560760788,0.4393970560760788,1,False,False,False,True,1e-07,0.9,-0.4412300234036101
0.005310471205141805,0.0010106205507848783,7.604672381485682,0.639525001898168,0.2254880135035333,0.5010406921040024,,3,1,0.1,9811396.636786506,0.48954871886342605,2,1,0.8962612901172999,0.995845877908111,1,10,1,0.1,0.8,0.48954871886342605,0.48954871886342605,1,False,False,False,True,1e-07,0.9,-0.49159089642129317
0.005251689973112313,0.001004653150643958,7.432537934808364,0.5863121172778604,0.19294595473967457,0.5010406921040024,,3,1,0.1,10931244.490913535,0.5454245649277322,2,1,0.8962612901172999,0.995845877908111,1,10,1,0.1,0.8,0.5454245649277322,0.5454245649277322,1,False,False,False,True,1e-07,0.9,-0.5476998314396962
0.005230716301995928,0.0009888702473936414,7.206731705765233,0.5401106681151717,0.1641742898807123,0.5010406921040024,,3,1,0.1,12178908.962439997,0.607677937994153,2,1,0.8962612901172999,0.995845877908111,1,10,1,0.1,0.8,0.607677937994153,0.607677937994153,1,False,False,False,True,1e-07,0.9,-0.6102128976407921
0.005243614993470751,0.0009638288083548646,6.929933313608012,0.4993161764157458,0.13886199656510945,0.5010406921040025,,3,1,0.1,13568978.679498706,0.6770367527794673,2,1,0.8962612901172999,0.995845877908111,1,10,1,0.1,0.8,0.6770367527794673,0.6770367527794673,1,False,False,False,True,1e-07,0.9,-0.6798610462748879
0.00528421520309761,0.0009304515051100272,6.611808427534352,0.46247286726946024,0.1167333770501176,0.5010406921040024,,3,1,0.1,15117707.36042074,0.7543120063354615,2,1,0.8962612901172999,0.995845877908111,1,10,1,0.1,0.8,0.7543120063354615,0.7543120063354615,1,False,False,False,True,1e-07,0.9,-0.757458657509515
0.00534501007691776,0.0008899851983310347,6.266702851283383,0.42842150801248147,0.09753227521532144,0.5010406921040024,,3,1,0.1,16843204.055007797,0.8404072608554034,2,1,0.8962612901172999,0.995845877908111,1,10,1,0.1,0.8,0.8404072608554034,0.8404072608554034,1,False,False,False,True,1e-07,0.9,-0.8439130627939154
0.005418311241222316,0.0008439107665619048,5.91049260571367,0.3963668696219568,0.08100930173864378,0.5010406921040024,,3,1,0.1,18765644.51638695,0.9363292088239408,2,1,0.8962612901172999,0.995845877908111,1,10,1,0.1,0.8,0.9363292088239408,0.9363292088239408,1,False,False,False,True,1e-07,0.9,-0.9402351540820045
0.005497254457212139,0.0007938214870646346,5.55774015343077,0.36585878369198327,0.06691426631973078,0.5010406921040024,,3,1,0.1,20907507.524657905,1.043199444046343,2,1,0.8962612901172999,0.995845877908111,1,10,1,0.1,0.8,1.043199444046343,1.043199444046343,1,False,False,False,True,1e-07,0.9,-1.0475512039650636
0.0055764078019482155,0.0007412955513131398,5.219904499704728,0.3367145927788916,0.05499438768743389,0.5010406921040024,,3,1,0.1,23293837.257689197,1.1622675761930954,2,1,0.8962612901172999,0.995845877908111,1,10,1,0.1,0.8,1.1622675761930954,1.1622675761930954,1,False,False,False,True,1e-07,0.9,-1.1671160349243301
0.005651950407859022,0.0006877866974511086,4.904733379514497,0.3089218328229384,0.04499722326577075,0.5010406921040024,,3,1,0.1,25952536.62003303,1.2949258422052619,2,1,0.8962612901172999,0.995845877908111,1,10,1,0.1,0.8,1.2949258422052619,1.2949258422052619,1,False,False,False,True,1e-07,0.9,-1.3003276916885849
0.005721536010078464,0.0006345479887045164,4.616531269447186,0.2825511694908149,0.03667631705946568,0.5010406921040024,,3,1,0.1,28914693.16544263,1.442725385408517,2,1,0.8962612901172999,0.995845877908111,1,10,1,0.1,0.8,1.442725385408517,1.442725385408517,1,False,False,False,True,1e-07,0.9,-1.4487437882573424
0.005783995817835505,0.0005825927600924148,4.356872892480673,0.25769371967862975,0.029797485779792868,0.5010406921040024,,3,1,0.1,32214942.69943262,1.6073943926838532,2,1,0.8962612901172999,0.995845877908111,1,10,1,0.1,0.8,1.6073943926838532,1.6073943926838532,1,False,False,False,True,1e-07,0.9,-1.614099720731696
0.005839005203529939,0.0005326881245304156,4.125417585139024,0.23442399982001197,0.024144194035826832,0.5010406921040024,,3,1,0.1,35891874.292882144,1.7908583017688409,2,1,0.8962612901172999,0.995845877908111,1,10,1,0.1,0.8,1.7908583017688409,1.7908583017688409,1,False,False,False,True,1e-07,0.9,-1.7983289589113687
0.005886786944787093,0.0004853719875582651,3.920628537999523,0.21278310916716975,0.019521208646704417,0.5010406921040025,,3,1,0.1,39988481.70399248,1.9952623149688795,2,1,0.8962612901172999,0.995845877908111,1,10,1,0.1,0.8,1.9952623149688795,1.9952623149688795,1,False,False,False,True,1e-07,0.9,-2.0035856539230648
0.23809523731719776,9.244187939798684e-11,8.825006027857421,20.662924601136712,16.882716755776965,0.5010406921040025,,3,1,0.1,200417.16522968427,0.01,2,1,0.8962612901172999,0.995845877908111,1,10,1,0.5,0.8,0.01,0.01,1,False,False,False,True,1e-07,0.9,-0.010041715512249902
0.23809523205818695,7.172856348511771e-10,8.825001798409433,18.54611962995269,15.153177991153836,0.5010406921040024,,3,1,0.1,223292.27048587645,0.011141374574404603,2,1,0.8962612901172999,0.995845877908111,1,10,1,0.5,0.8,0.011141374574404603,0.011141374574404603,1,False,False,False,True,1e-07,0.9,-0.011187851389158536
0.23809520012223065,4.511882794414129e-09,8.824997642381199,16.646171767795824,13.600819555862852,0.5010406921040024,,3,1,0.1,248778.28291504926,0.012413022740718939,2,1,0.8962612901172999,0.995845877908111,1,10,1,0.5,0.8,0.012413022740718939,0.012413022740718939,1,False,False,False,True,1e-07,0.9,-0.012464804300938817
0.23809504024489528,2.3507386233188108e-08,8.824992177209305,14.940871613856688,12.207488621977822,0.5010406921040024,,3,1,0.1,277173.20313036785,0.013829813595495212,2,1,0.8962612901172999,0.995845877908111,1,10,1,0.5,0.8,0.013829813595495212,0.013829813595495212,1,False,False,False,True,1e-07,0.9,-0.013887505371340888
0.23809436764277667,1.0342210969365431e-07,8.824980275938977,13.410300085260518,10.956887577671257,0.5010406921040024,,3,1,0.1,308809.04799522745,0.015408313356160552,2,1,0.8962612901172999,0.995845877908111,1,10,1,0.5,0.8,0.015408313356160552,0.015408313356160552,1,False,False,False,True,1e-07,0.9,-0.015472589924616477
0.2380919477825035,3.909375087441764e-07,8.824945579979714,12.036617877507778,9.834376951318855,0.5010406921040024,,3,1,0.1,344055.7277597,0.017166979066078603,2,1,0.8962612901172999,0.995845877908111,1,10,1,0.5,0.8,0.017166979066078603,0.017166979066078603,1,False,False,False,True,1e-07,0.9,-0.017238591998631085
0.23808438482202765,1.2895445438264346e-06,8.824843156082588,10.80389875870771,8.826792028484935,0.5010406921040024,,3,1,0.1,383325.3733343743,0.01912637440861442,2,1,0.8962612901172999,0.995845877908111,1,10,1,0.5,0.8,0.01912637440861442,0.01912637440861442,1,False,False,False,True,1e-07,0.9,-0.0192061610592083
0.2380635595596953,3.7640511876739402e-06,8.824565614496699,9.698006410439588,7.922270516046407,0.5010406921040024,,3,1,0.1,427077.15706122963,0.021309410153667968,2,1,0.8962612901172999,0.995845877908111,1,10,1,0.5,0.8,0.021309410153667968,0.021309410153667968,1,False,False,False,True,1e-07,0.9,-0.02139830344969832
0.2380123931242613,9.844480937035303e-06,8.823887064625026,8.706502360633822,7.110092388999963,0.5010406921040024,,3,1,0.1,475822.657564812,0.02374161204816357,2,1,0.8962612901172999,0.995845877908111,1,10,1,0.5,0.8,0.02374161204816357,0.02374161204816357,1,False,False,False,True,1e-07,0.9,-0.02384065139898633
0.2378989465479748,2.3329667469199814e-05,8.822384961028634,7.818556136715744,6.380537943628359,0.5010406921040024,,3,1,0.1,530131.8466990698,0.026451419282878755,2,1,0.8962612901172999,0.995845877908111,1,10,1,0.5,0.8,0.026451419282878755,0.026451419282878755,1,False,False,False,True,1e-07,0.9,-0.02656176273339098
0.23766966081691077,5.05996642577821e-05,8.819350224587218,7.024816825326531,5.724773463905301,0.5010406921040024,,3,1,0.1,590639.7474479738,0.029470517025518096,2,1,0.8962612901172999,0.995845877908111,1,10,1,0.5,0.8,0.029470517025518096,0.029470517025518096,1,False,False,False,True,1e-07,0.9,-0.029593454796916992
0.23724348139968476,0.00010134132795642141,8.81370807625104,6.317207328389843,5.134773025551821,0.5010406921040024,,3,1,0.1,658053.8655182146,0.03283420690826654,2,1,0.8962612901172999,0.995845877908111,1,10,1,0.5,0.8,0.03283420690826654,0.03283420690826654,1,False,False,False,True,1e-07,0.9,-0.03297117648431631
0.23650930352746763,0.0001889196712278051,8.803980612153016,5.688623068574564,4.603278897228312,0.5010406921040024,,3,1,0.1,733162.460960489,0.03658181980185008,2,1,0.8962612901172999,0.995845877908111,1,10,1,0.5,0.8,0.03658181980185008,0.03658181980185008,1,False,False,False,True,1e-07,0.9,-0.03673442273705686
0.2353292062760099,0.00033013295074752825,8.788322085970812,5.132551809884305,4.123793592679796,0.5010406921040024,,3,1,0.1,816843.7615024893,0.04075717570257835,2,1,0.8962612901172999,0.995845877908111,1,10,1,0.5,0.8,0.04075717570257835,0.04075717570257835,1,False,False,False,True,1e-07,0.9,-0.04092719634880758
0.23354905541698381,0.0005441910685445509,8.764646360305866,4.642669966586223,3.6905876131598663,0.5010406921040024,,3,1,0.1,910076.2302131369,0.045409096109724746,2,1,0.8962612901172999,0.995845877908111,1,10,1,0.5,0.8,0.045409096109724746,0.045409096109724746,1,False,False,False,True,1e-07,0.9,-0.04559852248022697
0.23101627532093455,0.0008509377645437402,8.730844180109294,4.212499326185861,3.2987020265450258,0.5010406921040024,,3,1,0.1,1013950.0169136256,0.05059197488435822,2,1,0.8962612901172999,0.995845877908111,1,10,1,0.5,0.8,0.05059197488435822,0.05059197488435822,1,False,False,False,True,1e-07,0.9,-0.05080302189916175
0.22760231276223394,0.0012685478196430777,8.685061241775653,3.8352128775481766,2.9439263514464584,0.5010406921040024,,3,1,0.1,1129679.6942493417,0.056366414264550524,2,1,0.8962612901172999,0.995845877908111,1,10,1,0.5,0.8,0.056366414264550524,0.056366414264550524,1,False,False,False,True,1e-07,0.9,-0.05660154964902412
0.2232252829684668,0.001811103862425239,8.625985369415659,3.50365093045988,2.6227395183931255,0.5010406921040024,,3,1,0.1,1258618.4639040076,0.06279993347374203,2,1,0.8962612901172999,0.995845877908111,1,10,1,0.5,0.8,0.06279993347374203,0.06279993347374203,1,False,False,False,True,1e-07,0.9,-0.06306190661315372
0.21786738820798088,0.00248653024076246,8.553082253571976,3.2105520709761994,2.332212630182285,0.5010406921040024,,3,1,0.1,1402273.9738430681,0.06996775820786501,2,1,0.8962612901172999,0.995845877908111,1,10,1,0.5,0.8,0.06996775820786501,0.06996775820786501,1,False,False,False,True,1e-07,0.9,-0.07025963229532685
0.21158254712290328,0.0032952990421479655,8.466730430168182,2.948936232075187,2.0698832933275915,0.5010406921040024,,3,1,0.1,1562325.959382379,0.0779537002325196,2,1,0.8962612901172999,0.995845877908111,1,10,1,0.5,0.8,0.0779537002325196,0.0779537002325196,1,False,False,False,True,1e-07,0.9,-0.0782788880862171
0.20449217622242638,0.004230137396037305,8.368235621493794,2.7125276947370347,1.8336190089657287,0.5010406921040024,,3,1,0.1,1740645.8717649,0.08685113737513525,2,1,0.8962612901172999,0.995845877908111,1,10,1,0.5,0.8,0.08685113737513525,0.08685113737513525,1,False,False,False,True,1e-07,0.9,-0.0872134413436443
0.19677031924629768,0.005276714411624234,8.259740891168363,2.4960974382492997,1.6214894751335127,0.5010406921040024,,3,1,0.1,1939318.7668243877,0.09676410537094532,2,1,0.8962612901172999,0.995845877908111,1,10,1,0.5,0.8,0.09676410537094532,0.09676410537094532,1,False,False,False,True,1e-07,0.9,-0.09716776179324058
0.18862202815601956,0.006415055259247495,8.144075932356458,2.2956402438317,1.4316646745475863,0.5010406921040024,,3,1,0.1,2160667.6808306174,0.10780851432948585,2,1,0.8962612901172999,0.995845877908111,1,10,1,0.5,0.8,0.10780851432948585,0.10780851432948585,1,False,False,False,True,1e-07,0.9,-0.1082582430695014
0.18026007732708868,0.007621295432024697,8.02459342841279,2.1083634171775723,1.2623489583990002,0.5010406921040024,,3,1,0.1,2407280.7937350464,0.12011350404548678,2,1,0.8962612901172999,0.995845877908111,1,10,1,0.5,0.8,0.12011350404548678,0.12011350404548678,1,False,False,False,True,1e-07,0.9,-0.1206145636804256
0.17188456094306445,0.008869387151126446,7.905020582989553,1.9325222627824226,1.11175329252539,0.5010406921040024,,3,1,0.1,2682041.703446354,0.13382295400150307,2,1,0.8962612901172999,0.995845877908111,1,10,1,0.5,0.8,0.13382295400150307,0.13382295400150307,1,False,False,False,True,1e-07,0.9,-0.13438120330919986
0.16366826349831853,0.010132486256516877,7.789318556158773,1.7671709077817153,0.9781004881828504,0.5010406921040024,,3,1,0.1,2988163.1203426477,0.14909716571840637,2,1,0.8962612901172999,0.995845877908111,1,10,1,0.5,0.8,0.14909716571840637,0.14909716571840637,1,False,False,False,True,1e-07,0.9,-0.14971913218270158
0.1557487848209705,0.01138392209957576,7.681506469926875,1.611900107711754,0.8596530608565013,0.5010406921040023,,3,1,0.1,3329224.472773343,0.16611473712508423,2,1,0.8962612901172999,0.995845877908111,1,10,1,0.5,0.8,0.16611473712508423,0.16611473712508423,1,False,False,False,True,1e-07,0.9,-0.1668076932602273
0.1482269298559312,0.01259780919562262,7.585384035074802,1.4666142648874114,0.7547511350598524,0.5010406921040024,,3,1,0.1,3709213.684273148,0.18507465086393185,2,1,0.8962612901172999,0.995845877908111,1,10,1,0.5,0.8,0.18507465086393185,0.18507465086393185,1,False,False,False,True,1e-07,0.9,-0.18584669925045794
0.1411700954864185,0.013749439808313469,7.504087171181297,1.3313715302330549,0.6618486438165275,0.5010406921040024,,3,1,0.1,4132573.896162749,0.2061986009502219,2,1,0.8962612901172999,0.995845877908111,1,10,1,0.5,0.8,0.2061986009502219,0.2061986009502219,1,False,False,False,True,1e-07,0.9,-0.2070587689766071
0.13461918239042053,0.014815585941901886,7.439437801391391,1.2062852835007931,0.579539375321764,0.5010406921040024,,3,1,0.1,4604255.376664037,0.22973358499046043,2,1,0.8962612901172999,0.995845877908111,1,10,1,0.5,0.8,0.22973358499046043,0.22973358499046043,1,False,False,False,True,1e-07,0.9,-0.2306919304083488
0.12859763117179493,0.015774768778289313,7.391101728180923,1.0914689436544924,0.5065690561767197,0.5010406921040024,,3,1,0.1,5129773.375719185,0.25595479226995344,2,1,0.8962612901172999,0.995845877908111,1,10,1,0.5,0.8,0.25595479226995344,0.25595479226995344,1,False,False,False,True,1e-07,0.9,-0.2570225207971893
0.12312122760117875,0.016607483164741473,7.3556476311397985,0.9869998807440052,0.44183425030860335,0.5010406921040024,,3,1,0.1,5715272.678293227,0.28516882147934725,2,1,0.8962612901172999,0.995845877908111,1,10,1,0.5,0.8,0.28516882147934725,0.28516882147934725,1,False,False,False,True,1e-07,0.9,-0.2863584178259184
0.1182071290609369,0.017296350521649118,7.325711087136297,0.8928797900941728,0.38437216870500507,0.5010406921040024,,3,1,0.1,6367599.352990125,0.31771726570429243,2,1,0.8962612901172999,0.995845877908111,1,10,1,0.5,0.8,0.31771726570429243,0.31771726570429243,1,False,False,False,True,1e-07,0.9,-0.31904263955324175
0.11388008132877322,0.017826235818590788,7.289608913760402,0.8089759770154873,0.33334676623059006,0.5010406921040024,,3,1,0.1,7094380.960738681,0.3539807065967155,2,1,0.8962612901172999,0.995845877908111,1,10,1,0.5,0.8,0.3539807065967155,0.3539807065967155,1,False,False,False,True,1e-07,0.9,-0.35545735524694194
0.11017329059222822,0.01818446843578732,7.23187595288955,0.7349408605939344,0.2880356198395299,0.5010406921040024,,3,1,0.1,7904115.580367755,0.39438316443064236,2,1,0.8962612901172999,0.995845877908111,1,10,1,0.5,0.8,0.39438316443064236,0.39438316443064236,1,False,False,False,True,1e-07,0.9,-0.3960283540033385
0.10712167297872312,0.018361370325507973,7.135175834626392,0.6701269473443506,0.24781959226820813,0.5010406921040024,,3,1,0.1,8806271.211991947,0.4393970560760788,2,1,0.8962612901172999,0.995845877908111,1,10,1,0.5,0.8,0.4393970560760788,0.4393970560760788,1,False,False,False,True,1e-07,0.9,-0.4412300234036101
0.1047473251249282,0.01835122951676738,6.983675549755162,0.6135373519068631,0.2121743426302842,0.5010406921040024,,3,1,0.1,9811396.636786506,0.48954871886342605,2,1,0.8962612901172999,0.995845877908111,1,10,1,0.5,0.8,0.48954871886342605,0.48954871886342605,1,False,False,False,True,1e-07,0.9,-0.49159089642129317
0.10304132313798782,0.018153636314220813,6.767205616342328,0.563861609681054,0.18066078585388234,0.5010406921040024,,3,1,0.1,10931244.490913535,0.5454245649277322,2,1,0.8962612901172999,0.995845877908111,1,10,1,0.5,0.8,0.5454245649277322,0.5454245649277322,1,False,False,False,True,1e-07,0.9,-0.5476998314396962
0.10195020567902517,0.017774812329896077,6.484695555243261,0.5196220480313634,0.1529117081824135,0.5010406921040024,,3,1,0.1,12178908.962439997,0.607677937994153,2,1,0.8962612901172999,0.995845877908111,1,10,1,0.5,0.8,0.607677937994153,0.607677937994153,1,False,False,False,True,1e-07,0.9,-0.6102128976407921
0.10137553552646333,0.017228388034552445,6.145207877054167,0.47939738614351296,0.12861390589110733,0.5010406921040025,,3,1,0.1,13568978.679498706,0.6770367527794673,2,1,0.8962612901172999,0.995845877908111,1,10,1,0.5,0.8,0.6770367527794673,0.6770367527794673,1,False,False,False,True,1e-07,0.9,-0.6798610462748879
0.10118870322007571,0.01653516939515199,5.765866815005061,0.44203673065745286,0.10748809760723962,0.5010406921040024,,3,1,0.1,15117707.36042074,0.7543120063354615,2,1,0.8962612901172999,0.995845877908111,1,10,1,0.5,0.8,0.7543120063354615,0.7543120063354615,1,False,False,False,True,1e-07,0.9,-0.757458657509515
0.10125456776340355,0.015721761653369616,5.367578132065664,0.4067776438939748,0.08927062091664198,0.5010406921040024,,3,1,0.1,16843204.055007797,0.8404072608554034,2,1,0.8962612901172999,0.995845877908111,1,10,1,0.5,0.8,0.8404072608554034,0.8404072608554034,1,False,False,False,True,1e-07,0.9,-0.8439130627939154
0.10145351484592088,0.014818309778141303,4.970450121290331,0.37323912235451806,0.07370056956904467,0.5010406921040024,,3,1,0.1,18765644.51638695,0.9363292088239408,2,1,0.8962612901172999,0.995845877908111,1,10,1,0.5,0.8,0.9363292088239408,0.9363292088239408,1,False,False,False,True,1e-07,0.9,-0.9402351540820045
0.10169451466896433,0.013855870975440849,4.590566848999273,0.3413248186891183,0.06051404730722018,0.5010406921040024,,3,1,0.1,20907507.524657905,1.043199444046343,2,1,0.8962612901172999,0.995845877908111,1,10,1,0.5,0.8,1.043199444046343,1.043199444046343,1,False,False,False,True,1e-07,0.9,-1.0475512039650636
0.10191793226261714,0.012863967272110718,4.238696042651615,0.3110980336833657,0.0494449225072348,0.5010406921040024,,3,1,0.1,23293837.257689197,1.1622675761930954,2,1,0.8962612901172999,0.995845877908111,1,10,1,0.5,0.8,1.1622675761930954,1.1622675761930954,1,False,False,False,True,1e-07,0.9,-1.1671160349243301
0.10209123745895902,0.011868717258932418,3.9205589149073137,0.28267588572474156,0.040229940918641564,0.5010406921040024,,3,1,0.1,25952536.62003303,1.2949258422052619,2,1,0.8962612901172999,0.995845877908111,1,10,1,0.5,0.8,1.2949258422052619,1.2949258422052619,1,False,False,False,True,1e-07,0.9,-1.3003276916885849
0.10220176102734385,0.010891720733090235,3.6379211867271075,0.25616160312698877,0.032615633454071695,0.5010406921040024,,3,1,0.1,28914693.16544263,1.442725385408517,2,1,0.8962612901172999,0.995845877908111,1,10,1,0.5,0.8,1.442725385408517,1.442725385408517,1,False,False,False,True,1e-07,0.9,-1.4487437882573424
0.10224950130678145,0.009949666465932752,3.389872680094431,0.23161254319171398,0.026364894458241396,0.5010406921040024,,3,1,0.1,32214942.69943262,1.6073943926838532,2,1,0.8962612901172999,0.995845877908111,1,10,1,0.5,0.8,1.6073943926838532,1.6073943926838532,1,False,False,False,True,1e-07,0.9,-1.614099720731696
0.1022414077561879,0.009054505732866177,3.17393798741161,0.2090327987682154,0.02126193497240309,0.5010406921040024,,3,1,0.1,35891874.292882144,1.7908583017688409,2,1,0.8962612901172999,0.995845877908111,1,10,1,0.5,0.8,1.7908583017688409,1.7908583017688409,1,False,False,False,True,1e-07,0.9,-1.7983289589113687
0.10218743862129794,0.008213989548696388,2.9868950181491702,0.1883791139933344,0.017115132604960708,0.5010406921040025,,3,1,0.1,39988481.70399248,1.9952623149688795,2,1,0.8962612901172999,0.995845877908111,1,10,1,0.5,0.8,1.9952623149688795,1.9952623149688795,1,False,False,False,True,1e-07,0.9,-2.0035856539230648
0.5555555540715199,2.1569779139115475e-10,6.830388353320605,15.827519764672617,16.882716753069605,0.5010406921040025,,3,1,0.1,200417.16522968427,0.01,2,1,0.8962612901172999,0.995845877908111,1,10,1,1.0,0.8,0.01,0.01,1,False,False,False,True,1e-07,0.9,-0.010041715512249902
0.5555555440404022,1.6736663682592834e-09,6.830384904395986,14.20607793662965,15.153177972298689,0.5010406921040024,,3,1,0.1,223292.27048587645,0.011141374574404603,2,1,0.8962612901172999,0.995845877908111,1,10,1,1.0,0.8,0.011141374574404603,0.011141374574404603,1,False,False,False,True,1e-07,0.9,-0.011187851389158536
0.5555554831227841,1.052772639477385e-08,6.830381684469134,12.750745709232602,13.60081944941017,0.5010406921040024,,3,1,0.1,248778.28291504926,0.012413022740718939,2,1,0.8962612901172999,0.995845877908111,1,10,1,1.0,0.8,0.012413022740718939,0.012413022740718939,1,False,False,False,True,1e-07,0.9,-0.012464804300938817
0.5555551781744913,5.4850565737995034e-08,6.830378195031269,11.444512961197383,12.207488124166984,0.5010406921040024,,3,1,0.1,277173.20313036785,0.013829813595495212,2,1,0.8962612901172999,0.995845877908111,1,10,1,1.0,0.8,0.013829813595495212,0.013829813595495212,1,False,False,False,True,1e-07,0.9,-0.013887505371340888
0.5555538952417597,2.4131821338451343e-07,6.830372646090457,10.272128190658037,10.956885611890494,0.5010406921040024,,3,1,0.1,308809.04799522745,0.015408313356160552,2,1,0.8962612901172999,0.995845877908111,1,10,1,1.0,0.8,0.015408313356160552,0.015408313356160552,1,False,False,False,True,1e-07,0.9,-0.015472589924616477
0.5555492795514452,9.121869123099607e-07,6.830359369226275,9.219943977110475,9.834370281835053,0.5010406921040024,,3,1,0.1,344055.7277597,0.017166979066078603,2,1,0.8962612901172999,0.995845877908111,1,10,1,1.0,0.8,0.017166979066078603,0.017166979066078603,1,False,False,False,True,1e-07,0.9,-0.017238591998631085
0.5555348536812683,3.008930652153857e-06,6.830322825501089,8.275801946571399,8.826772282042324,0.5010406921040024,,3,1,0.1,383325.3733343743,0.01912637440861442,2,1,0.8962612901172999,0.995845877908111,1,10,1,1.0,0.8,0.01912637440861442,0.01912637440861442,1,False,False,False,True,1e-07,0.9,-0.0192061610592083
0.5554951298135677,8.78272972591553e-06,6.830225898188916,7.428957709348179,7.922218780729294,0.5010406921040024,,3,1,0.1,427077.15706122963,0.021309410153667968,2,1,0.8962612901172999,0.995845877908111,1,10,1,1.0,0.8,0.021309410153667968,0.021309410153667968,1,False,False,False,True,1e-07,0.9,-0.02139830344969832
0.5553975244357429,2.2970069801970074e-05,6.829990521581552,6.670033326416488,7.109970930017376,0.5010406921040024,,3,1,0.1,475822.657564812,0.02374161204816357,2,1,0.8962612901172999,0.995845877908111,1,10,1,1.0,0.8,0.02374161204816357,0.02374161204816357,1,False,False,False,True,1e-07,0.9,-0.02384065139898633
0.5551810817291157,5.443372365761558e-05,6.829470640668843,5.990967689571003,6.380279536663619,0.5010406921040024,,3,1,0.1,530131.8466990698,0.026451419282878755,2,1,0.8962612901172999,0.995845877908111,1,10,1,1.0,0.8,0.026451419282878755,0.026451419282878755,1,False,False,False,True,1e-07,0.9,-0.02656176273339098
0.5547434994358519,0.0001180556804741427,6.828421016311689,5.384923222640422,5.724270193070031,0.5010406921040024,,3,1,0.1,590639.7474479738,0.029470517025518096,2,1,0.8962612901172999,0.995845877908111,1,10,1,1.0,0.8,0.029470517025518096,0.029470517025518096,1,False,False,False,True,1e-07,0.9,-0.029593454796916992
0.5539296836822689,0.00023642210946300064,6.826469448671202,4.846110558660093,5.133867568066849,0.5010406921040024,,3,1,0.1,658053.8655182146,0.03283420690826654,2,1,0.8962612901172999,0.995845877908111,1,10,1,1.0,0.8,0.03283420690826654,0.03283420690826654,1,False,False,False,True,1e-07,0.9,-0.03297117648431631
0.5525262904504656,0.000440669740673451,6.82310280005031,4.369515213731098,4.601761675892347,0.5010406921040024,,3,1,0.1,733162.460960489,0.03658181980185008,2,1,0.8962612901172999,0.995845877908111,1,10,1,1.0,0.8,0.03658181980185008,0.03658181980185008,1,False,False,False,True,1e-07,0.9,-0.03673442273705686
0.5502666990326808,0.0007698722057660254,6.8176770458067235,3.9505457510196695,4.121408372245757,0.5010406921040024,,3,1,0.1,816843.7615024893,0.04075717570257835,2,1,0.8962612901172999,0.995845877908111,1,10,1,1.0,0.8,0.04075717570257835,0.04075717570257835,1,False,False,False,True,1e-07,0.9,-0.04092719634880758
0.5468492193593276,0.0012685812862181702,6.809457700069012,3.5846588050145978,3.6870463330953145,0.5010406921040024,,3,1,0.1,910076.2302131369,0.045409096109724746,2,1,0.8962612901172999,0.995845877908111,1,10,1,1.0,0.8,0.045409096109724746,0.045409096109724746,1,False,False,False,True,1e-07,0.9,-0.04559852248022697
0.5419682362406413,0.00198256560737287,6.797689977658538,3.267038585631796,3.293707532998342,0.5010406921040024,,3,1,0.1,1013950.0169136256,0.05059197488435822,2,1,0.8962612901172999,0.995845877908111,1,10,1,1.0,0.8,0.05059197488435822,0.05059197488435822,1,False,False,False,True,1e-07,0.9,-0.05080302189916175
0.5353542033452874,0.002953294454242318,6.781689921690539,2.99240736369516,2.9371999479126973,0.5010406921040024,,3,1,0.1,1129679.6942493417,0.056366414264550524,2,1,0.8962612901172999,0.995845877908111,1,10,1,1.0,0.8,0.056366414264550524,0.056366414264550524,1,False,False,False,True,1e-07,0.9,-0.05660154964902412
0.5268151152032776,0.004212137809322878,6.760941265107274,2.755016683165502,2.614049358628503,0.5010406921040024,,3,1,0.1,1258618.4639040076,0.06279993347374203,2,1,0.8962612901172999,0.995845877908111,1,10,1,1.0,0.8,0.06279993347374203,0.06279993347374203,1,False,False,False,True,1e-07,0.9,-0.06306190661315372
0.5162705768805957,0.005775441181672696,6.735180850900842,2.5488233609008466,2.3213989678566844,0.5010406921040024,,3,1,0.1,1402273.9738430681,0.06996775820786501,2,1,0.8962612901172999,0.995845877908111,1,10,1,1.0,0.8,0.06996775820786501,0.06996775820786501,1,False,False,False,True,1e-07,0.9,-0.07025963229532685
0.5037706702339178,0.007641495227029584,6.704459674403351,2.3678043745361648,2.0568772372873774,0.5010406921040024,,3,1,0.1,1562325.959382379,0.0779537002325196,2,1,0.8962612901172999,0.995845877908111,1,10,1,1.0,0.8,0.0779537002325196,0.0779537002325196,1,False,False,False,True,1e-07,0.9,-0.0782788880862171
0.4894953538281517,0.009789975744273425,6.669176181049187,2.2063283085658165,1.818452450588097,0.5010406921040024,,3,1,0.1,1740645.8717649,0.08685113737513525,2,1,0.8962612901172999,0.995845877908111,1,10,1,1.0,0.8,0.08685113737513525,0.08685113737513525,1,False,False,False,True,1e-07,0.9,-0.0872134413436443
0.4737349697426867,0.012183815621815206,6.630089376175339,2.0594913701903144,1.6042951218360553,0.5010406921040024,,3,1,0.1,1939318.7668243877,0.09676410537094532,2,1,0.8962612901172999,0.995845877908111,1,10,1,1.0,0.8,0.09676410537094532,0.09676410537094532,1,False,False,False,True,1e-07,0.9,-0.09716776179324058
0.4568568472160758,0.014772892295348719,6.58832558921084,1.923345252597819,1.4126665549469692,0.5010406921040024,,3,1,0.1,2160667.6808306174,0.10780851432948585,2,1,0.8962612901172999,0.995845877908111,1,10,1,1.0,0.8,0.10780851432948585,0.10780851432948585,1,False,False,False,True,1e-07,0.9,-0.1082582430695014
0.43926553179351385,0.017498565092606354,6.5453892165566545,1.7949825660357663,1.2418451602952243,0.5010406921040024,,3,1,0.1,2407280.7937350464,0.12011350404548678,2,1,0.8962612901172999,0.995845877908111,1,10,1,1.0,0.8,0.12011350404548678,0.12011350404548678,1,False,False,False,True,1e-07,0.9,-0.1206145636804256
0.4213642795154213,0.02029807684459025,6.503172981964339,1.672487138814941,1.0900937194870337,0.5010406921040024,,3,1,0.1,2682041.703446354,0.13382295400150307,2,1,0.8962612901172999,0.995845877908111,1,10,1,1.0,0.8,0.13382295400150307,0.13382295400150307,1,False,False,False,True,1e-07,0.9,-0.13438120330919986
0.403523601539609,0.023108111156754593,6.463940312235987,1.5547869569705721,0.955662771507049,0.5010406921040024,,3,1,0.1,2988163.1203426477,0.14909716571840637,2,1,0.8962612901172999,0.995845877908111,1,10,1,1.0,0.8,0.14909716571840637,0.14909716571840637,1,False,False,False,True,1e-07,0.9,-0.14971913218270158
0.3860598870897782,0.025867224635879406,6.430227693764335,1.4414598480632115,0.8368193765631343,0.5010406921040023,,3,1,0.1,3329224.472773343,0.16611473712508423,2,1,0.8962612901172999,0.995845877908111,1,10,1,1.0,0.8,0.16611473712508423,0.16611473712508423,1,False,False,False,True,1e-07,0.9,-0.1668076932602273
0.3692245467077086,0.028517262190135485,6.404596227363473,1.332537158934431,0.7318877846594467,0.5010406921040024,,3,1,0.1,3709213.684273148,0.18507465086393185,2,1,0.8962612901172999,0.995845877908111,1,10,1,1.0,0.8,0.18507465086393185,0.18507465086393185,1,False,False,False,True,1e-07,0.9,-0.18584669925045794
0.35320237706857505,0.031004068861572552,6.389157510200179,1.2283348653888981,0.6392892726005388,0.5010406921040024,,3,1,0.1,4132573.896162749,0.2061986009502219,2,1,0.8962612901172999,0.995845877908111,1,10,1,1.0,0.8,0.2061986009502219,0.2061986009502219,1,False,False,False,True,1e-07,0.9,-0.2070587689766071
0.3381171046942594,0.03327779972465048,6.384818164256653,1.1293226775934015,0.5575720009001118,0.5010406921040024,,3,1,0.1,4604255.376664037,0.22973358499046043,2,1,0.8962612901172999,0.995845877908111,1,10,1,1.0,0.8,0.22973358499046043,0.22973358499046043,1,False,False,False,True,1e-07,0.9,-0.2306919304083488
0.32404204353156824,0.03529298562522632,6.390239768876392,1.0360261260461259,0.4854268508347178,0.5010406921040024,,3,1,0.1,5129773.375719185,0.25595479226995344,2,1,0.8962612901172999,0.995845877908111,1,10,1,1.0,0.8,0.25595479226995344,0.25595479226995344,1,False,False,False,True,1e-07,0.9,-0.2570225207971893
0.31101396869990844,0.03700839148499885,6.400612215539364,0.9489473115821166,0.4216902232284655,0.5010406921040024,,3,1,0.1,5715272.678293227,0.28516882147934725,2,1,0.8962612901172999,0.995845877908111,1,10,1,1.0,0.8,0.28516882147934725,0.28516882147934725,1,False,False,False,True,1e-07,0.9,-0.2863584178259184
0.2990480487008068,0.03838674499389358,6.406511945721453,0.8684871640688773,0.36533831881330375,0.5010406921040024,,3,1,0.1,6367599.352990125,0.31771726570429243,2,1,0.8962612901172999,0.995845877908111,1,10,1,1.0,0.8,0.31771726570429243,0.31771726570429243,1,False,False,False,True,1e-07,0.9,-0.31904263955324175
0.28815056123389,0.03939465352246831,6.3933703438662866,0.7948561367498876,0.3154786072169085,0.5010406921040024,,3,1,0.1,7094380.960738681,0.3539807065967155,2,1,0.8962612901172999,0.995845877908111,1,10,1,1.0,0.8,0.3539807065967155,0.3539807065967155,1,False,False,False,True,1e-07,0.9,-0.35545735524694194
0.2783245305387907,0.04000333413694189,6.342328487918343,0.7279747288420194,0.2713427934880684,0.5010406921040024,,3,1,0.1,7904115.580367755,0.39438316443064236,2,1,0.8962612901172999,0.995845877908111,1,10,1,1.0,0.8,0.39438316443064236,0.39438316443064236,1,False,False,False,True,1e-07,0.9,-0.3960283540033385
0.2695634490723109,0.040190850744856385,6.233226773896435,0.667393042901003,0.2322821058748128,0.5010406921040024,,3,1,0.1,8806271.211991947,0.4393970560760788,2,1,0.8962612901172999,0.995845877908111,1,10,1,1.0,0.8,0.4393970560760788,0.4393970560760788,1,False,False,False,True,1e-07,0.9,-0.4412300234036101
0.2618332058142042,0.03994604813442787,6.0497579392776775,0.6122887609172912,0.19776164892965714,0.5010406921040024,,3,1,0.1,9811396.636786506,0.48954871886342605,2,1,0.8962612901172999,0.995845877908111,1,10,1,1.0,0.8,0.48954871886342605,0.48954871886342605,1,False,False,False,True,1e-07,0.9,-0.49159089642129317
0.2550525033518226,0.03927328025110382,5.785317062484938,0.5616000425670556,0.1673484222759419,0.5010406921040024,,3,1,0.1,10931244.490913535,0.5454245649277322,2,1,0.8962612901172999,0.995845877908111,1,10,1,1.0,0.8,0.5454245649277322,0.5454245649277322,1,False,False,False,True,1e-07,0.9,-0.5476998314396962
0.24908910400233644,0.038195987697412254,5.446723910813125,0.514280963988297,0.14068971462981572,0.5010406921040024,,3,1,0.1,12178908.962439997,0.607677937994153,2,1,0.8962612901172999,0.995845877908111,1,10,1,1.0,0.8,0.607677937994153,0.607677937994153,1,False,False,False,True,1e-07,0.9,-0.6102128976407921
0.2437814643361041,0.03675717984350296,5.053373938955156,0.46956629963230784,0.11748437981829425,0.5010406921040025,,3,1,0.1,13568978.679498706,0.6770367527794673,2,1,0.8962612901172999,0.995845877908111,1,10,1,1.0,0.8,0.6770367527794673,0.6770367527794673,1,False,False,False,True,1e-07,0.9,-0.6798610462748879
0.23897540187683927,0.03501620244408023,4.631904850028568,0.42710322355814123,0.09745457932948326,0.5010406921040024,,3,1,0.1,15117707.36042074,0.7543120063354615,2,1,0.8962612901172999,0.995845877908111,1,10,1,1.0,0.8,0.7543120063354615,0.7543120063354615,1,False,False,False,True,1e-07,0.9,-0.757458657509515
0.23455370555293803,0.033042833263326216,4.209163457672689,0.386898522306578,0.080325590350043,0.5010406921040024,,3,1,0.1,16843204.055007797,0.8404072608554034,2,1,0.8962612901172999,0.995845877908111,1,10,1,1.0,0.8,0.8404072608554034,0.8404072608554034,1,False,False,False,True,1e-07,0.9,-0.8439130627939154
0.2304450527875463,0.030910517099113334,3.806746022396962,0.3491522651799471,0.06581676426133352,0.5010406921040024,,3,1,0.1,18765644.51638695,0.9363292088239408,2,1,0.8962612901172999,0.995845877908111,1,10,1,1.0,0.8,0.9363292088239408,0.9363292088239408,1,False,False,False,True,1e-07,0.9,-0.9402351540820045
0.22661523034361125,0.028690249907157926,3.4386695571388,0.314089521833198,0.05364194035977512,0.5010406921040024,,3,1,0.1,20907507.524657905,1.043199444046343,2,1,0.8962612901172999,0.995845877908111,1,10,1,1.0,0.8,1.043199444046343,1.043199444046343,1,False,False,False,True,1e-07,0.9,-1.0475512039650636
0.2230518106477218,0.02644592219131386,3.111740242406103,0.28185652696051733,0.043515484624319534,0.5010406921040024,,3,1,0.1,23293837.257689197,1.1622675761930954,2,1,0.8962612901172999,0.995845877908111,1,10,1,1.0,0.8,1.1622675761930954,1.1622675761930954,1,False,False,False,True,1e-07,0.9,-1.1671160349243301
0.2197509948447985,0.024231372958642673,2.8273078651203867,0.252486683845239,0.03516036151437508,0.5010406921040024,,3,1,0.1,25952536.62003303,1.2949258422052619,2,1,0.8962612901172999,0.995845877908111,1,10,1,1.0,0.8,1.2949258422052619,1.2949258422052619,1,False,False,False,True,1e-07,0.9,-1.3003276916885849
0.21670963433857487,0.02208907037225389,2.5832668371027494,0.22591111584540413,0.02831578303499906,0.5010406921040024,,3,1,0.1,28914693.16544263,1.442725385408517,2,1,0.8962612901172999,0.995845877908111,1,10,1,1.0,0.8,1.442725385408517,1.442725385408517,1,False,False,False,True,1e-07,0.9,-1.4487437882573424
0.21392175234676974,0.020050137096009724,2.375703713962795,0.20198707850166384,0.022743091365477253,0.5010406921040024,,3,1,0.1,32214942.69943262,1.6073943926838532,2,1,0.8962612901172999,0.995845877908111,1,10,1,1.0,0.8,1.6073943926838532,1.6073943926838532,1,False,False,False,True,1e-07,0.9,-1.614099720731696
0.21137781714201015,0.018135334177298918,2.2000296896268785,0.18052761373669926,0.01822937173622197,0.5010406921040024,,3,1,0.1,35891874.292882144,1.7908583017688409,2,1,0.8962612901172999,0.995845877908111,1,10,1,1.0,0.8,1.7908583017688409,1.7908583017688409,1,False,False,False,True,1e-07,0.9,-1.7983289589113687
0.20906530033535697,0.016356602069062864,2.0516597018794163,0.16132539834196388,0.014588860630895433,0.5010406921040025,,3,1,0.1,39988481.70399248,1.9952623149688795,2,1,0.8962612901172999,0.995845877908111,1,10,1,1.0,0.8,1.9952623149688795,1.9952623149688795,1,False,False,False,True,1e-07,0.9,-2.0035856539230648
0.7377049163210846,2.8641829058697327e-10,5.897131138008006,13.546430603086476,16.88271675124325,0.5010406921040025,,3,1,0.1,200417.16522968427,0.01,2,1,0.8962612901172999,0.995845877908111,1,10,1,1.5,0.8,0.01,0.01,1,False,False,False,True,1e-07,0.9,-0.010041715512249902
0.7377049047511186,2.2224095184460754e-09,5.89712806813045,12.158674829863187,15.153177959579232,0.5010406921040024,,3,1,0.1,223292.27048587645,0.011141374574404603,2,1,0.8962612901172999,0.995845877908111,1,10,1,1.5,0.8,0.011141374574404603,0.011141374574404603,1,False,False,False,True,1e-07,0.9,-0.011187851389158536
0.7377048344882219,1.3979439858315798e-08,5.8971252962543765,10.913088934635683,13.600819377598464,0.5010406921040024,,3,1,0.1,248778.28291504926,0.012413022740718939,2,1,0.8962612901172999,0.995845877908111,1,10,1,1.5,0.8,0.012413022740718939,0.012413022740718939,1,False,False,False,True,1e-07,0.9,-0.012464804300938817
0.7377044827567585,7.283435576875784e-08,5.897122728831367,9.795116217541949,12.207487788349852,0.5010406921040024,,3,1,0.1,277173.20313036785,0.013829813595495212,2,1,0.8962612901172999,0.995845877908111,1,10,1,1.5,0.8,0.013829813595495212,0.013829813595495212,1,False,False,False,True,1e-07,0.9,-0.013887505371340888
0.7377030030099911,3.204389009696938e-07,5.897120103794005,8.791709383021423,10.956884285801419,0.5010406921040024,,3,1,0.1,308809.04799522745,0.015408313356160552,2,1,0.8962612901172999,0.995845877908111,1,10,1,1.5,0.8,0.015408313356160552,0.015408313356160552,1,False,False,False,True,1e-07,0.9,-0.015472589924616477
0.7376976792288836,1.2112640423473538e-06,5.8971166470911935,7.891204932034601,9.834365782724293,0.5010406921040024,,3,1,0.1,344055.7277597,0.017166979066078603,2,1,0.8962612901172999,0.995845877908111,1,10,1,1.5,0.8,0.017166979066078603,0.017166979066078603,1,False,False,False,True,1e-07,0.9,-0.017238591998631085
0.7376810402244723,3.995459350114939e-06,5.897110277610673,7.083237236592424,8.826758961760486,0.5010406921040024,,3,1,0.1,383325.3733343743,0.01912637440861442,2,1,0.8962612901172999,0.995845877908111,1,10,1,1.5,0.8,0.01912637440861442,0.01912637440861442,1,False,False,False,True,1e-07,0.9,-0.0192061610592083
0.7376352216724708,1.1662262614918536e-05,5.897096054457203,6.358693359904798,7.9221838840318535,0.5010406921040024,,3,1,0.1,427077.15706122963,0.021309410153667968,2,1,0.8962612901172999,0.995845877908111,1,10,1,1.5,0.8,0.021309410153667968,0.021309410153667968,1,False,False,False,True,1e-07,0.9,-0.02139830344969832
0.7375226380972463,3.050089391045807e-05,5.897063610401516,5.709695043055102,7.109889015727057,0.5010406921040024,,3,1,0.1,475822.657564812,0.02374161204816357,2,1,0.8962612901172999,0.995845877908111,1,10,1,1.5,0.8,0.02374161204816357,0.02374161204816357,1,False,False,False,True,1e-07,0.9,-0.02384065139898633
0.7372729657482782,7.227890110111701e-05,5.896993579987962,5.129574915521621,6.380105321764472,0.5010406921040024,,3,1,0.1,530131.8466990698,0.026451419282878755,2,1,0.8962612901172999,0.995845877908111,1,10,1,1.5,0.8,0.026451419282878755,0.026451419282878755,1,False,False,False,True,1e-07,0.9,-0.02656176273339098
0.7367681396316614,0.0001567533099582806,5.896853517401282,4.612800625064148,5.723931128956797,0.5010406921040024,,3,1,0.1,590639.7474479738,0.029470517025518096,2,1,0.8962612901172999,0.995845877908111,1,10,1,1.5,0.8,0.029470517025518096,0.029470517025518096,1,False,False,False,True,1e-07,0.9,-0.029593454796916992
0.735829037855551,0.00031390083961994403,5.896594380125393,4.154804656971621,5.133258327543505,0.5010406921040024,,3,1,0.1,658053.8655182146,0.03283420690826654,2,1,0.8962612901172999,0.995845877908111,1,10,1,1.5,0.8,0.03283420690826654,0.03283420690826654,1,False,False,False,True,1e-07,0.9,-0.03297117648431631
0.7342089026240252,0.0005850239759071411,5.896149094900732,3.751703101748011,4.600743069018175,0.5010406921040024,,3,1,0.1,733162.460960489,0.03658181980185008,2,1,0.8962612901172999,0.995845877908111,1,10,1,1.5,0.8,0.03658181980185008,0.03658181980185008,1,False,False,False,True,1e-07,0.9,-0.03673442273705686
0.7315984942308899,0.0010218992708891322,5.895434772489268,3.3999263304204494,4.119812715129832,0.5010406921040024,,3,1,0.1,816843.7615024893,0.04075717570257835,2,1,0.8962612901172999,0.995845877908111,1,10,1,1.5,0.8,0.04075717570257835,0.04075717570257835,1,False,False,False,True,1e-07,0.9,-0.04092719634880758
0.727646093657017,0.0016834486571430931,5.894359640134424,3.0958233953369243,3.6846899739252814,0.5010406921040024,,3,1,0.1,910076.2302131369,0.045409096109724746,2,1,0.8962612901172999,0.995845877908111,1,10,1,1.5,0.8,0.045409096109724746,0.045409096109724746,1,False,False,False,True,1e-07,0.9,-0.04559852248022697
0.7219920200752096,0.002629989373655703,5.892834744361516,2.835324436912474,3.2904094295922834,0.5010406921040024,,3,1,0.1,1013950.0169136256,0.05059197488435822,2,1,0.8962612901172999,0.995845877908111,1,10,1,1.5,0.8,0.05059197488435822,0.05059197488435822,1,False,False,False,True,1e-07,0.9,-0.05080302189916175
0.7143132053857473,0.003915803365604334,5.890789236083906,2.6137418564683674,2.9328034392884974,0.5010406921040024,,3,1,0.1,1129679.6942493417,0.056366414264550524,2,1,0.8962612901172999,0.995845877908111,1,10,1,1.5,0.8,0.056366414264550524,0.056366414264550524,1,False,False,False,True,1e-07,0.9,-0.05660154964902412
0.7043698652135578,0.005581346795643954,5.888187187768756,2.425761085036461,2.6084431541640454,0.5010406921040024,,3,1,0.1,1258618.4639040076,0.06279993347374203,2,1,0.8962612901172999,0.995845877908111,1,10,1,1.5,0.8,0.06279993347374203,0.06279993347374203,1,False,False,False,True,1e-07,0.9,-0.06306190661315372
0.6920447154912723,0.007646680143071101,5.8850442230551145,2.265624230087609,2.31453329198817,0.5010406921040024,,3,1,0.1,1402273.9738430681,0.06996775820786501,2,1,0.8962612901172999,0.995845877908111,1,10,1,1.5,0.8,0.06996775820786501,0.06996775820786501,1,False,False,False,True,1e-07,0.9,-0.07025963229532685
0.6773662760029191,0.01010750995735495,5.881444383436386,2.1274600767217926,2.0487720842263,0.5010406921040024,,3,1,0.1,1562325.959382379,0.0779537002325196,2,1,0.8962612901172999,0.995845877908111,1,10,1,1.5,0.8,0.0779537002325196,0.0779537002325196,1,False,False,False,True,1e-07,0.9,-0.0782788880862171
0.6605114065877188,0.012934619012225075,5.87756130813627,2.005678515055168,1.8091967127808397,0.5010406921040024,,3,1,0.1,1740645.8717649,0.08685113737513525,2,1,0.8962612901172999,0.995845877908111,1,10,1,1.5,0.8,0.08685113737513525,0.08685113737513525,1,False,False,False,True,1e-07,0.9,-0.0872134413436443
0.6417871827654487,0.016076611759923486,5.8736910903624775,1.8953378127871385,1.5940373775440249,0.5010406921040024,,3,1,0.1,1939318.7668243877,0.09676410537094532,2,1,0.8962612901172999,0.995845877908111,1,10,1,1.5,0.8,0.09676410537094532,0.09676410537094532,1,False,False,False,True,1e-07,0.9,-0.09716776179324058
0.6215968519570794,0.019465105241653326,5.870303896700319,1.7924104941466172,1.4015999129437477,0.5010406921040024,,3,1,0.1,2160667.6808306174,0.10780851432948585,2,1,0.8962612901172999,0.995845877908111,1,10,1,1.5,0.8,0.10780851432948585,0.10780851432948585,1,False,False,False,True,1e-07,0.9,-0.1082582430695014
0.6003974565266055,0.02302102144575715,5.8681145190315895,1.6939090447410237,1.2301893427721315,0.5010406921040024,,3,1,0.1,2407280.7937350464,0.12011350404548678,2,1,0.8962612901172999,0.995845877908111,1,10,1,1.5,0.8,0.12011350404548678,0.12011350404548678,1,False,False,False,True,1e-07,0.9,-0.1206145636804256
0.5786571290196115,0.026660621795208367,5.868157321952038,1.5978720916407922,1.078077432229386,0.5010406921040024,,3,1,0.1,2682041.703446354,0.13382295400150307,2,1,0.8962612901172999,0.995845877908111,1,10,1,1.5,0.8,0.13382295400150307,0.13382295400150307,1,False,False,False,True,1e-07,0.9,-0.13438120330919986
0.556818379801836,0.030300316576920477,5.871830107295378,1.503242281386304,0.9435085863241331,0.5010406921040024,,3,1,0.1,2988163.1203426477,0.14909716571840637,2,1,0.8962612901172999,0.995845877908111,1,10,1,1.5,0.8,0.14909716571840637,0.14909716571840637,1,False,False,False,True,1e-07,0.9,-0.14971913218270158
0.5352708621830768,0.03385987331762599,5.880848031854834,1.4096818278787302,0.8247322223609382,0.5010406921040023,,3,1,0.1,3329224.472773343,0.16611473712508423,2,1,0.8962612901172999,0.995845877908111,1,10,1,1.5,0.8,0.16611473712508423,0.16611473712508423,1,False,False,False,True,1e-07,0.9,-0.1668076932602273
0.5143342103288603,0.037264174865242944,5.897028513622935,1.3173704419614873,0.720047094733141,0.5010406921040024,,3,1,0.1,3709213.684273148,0.18507465086393185,2,1,0.8962612901172999,0.995845877908111,1,10,1,1.5,0.8,0.18507465086393185,0.18507465086393185,1,False,False,False,True,1e-07,0.9,-0.18584669925045794
0.49424946006894055,0.04044394676434955,5.92181903250345,1.226817908489081,0.6278441347550826,0.5010406921040024,,3,1,0.1,4132573.896162749,0.2061986009502219,2,1,0.8962612901172999,0.995845877908111,1,10,1,1.5,0.8,0.2061986009502219,0.2061986009502219,1,False,False,False,True,1e-07,0.9,-0.2070587689766071
0.4751767259841774,0.043335848852766534,5.955493113577767,1.1387069249422908,0.5466384183105588,0.5010406921040024,,3,1,0.1,4604255.376664037,0.22973358499046043,2,1,0.8962612901172999,0.995845877908111,1,10,1,1.5,0.8,0.22973358499046043,0.22973358499046043,1,False,False,False,True,1e-07,0.9,-0.2306919304083488
0.4571972069382023,0.04588213846542015,5.995992047968243,1.0537671725537316,0.47508642099134946,0.5010406921040024,,3,1,0.1,5129773.375719185,0.25595479226995344,2,1,0.8962612901172999,0.995845877908111,1,10,1,1.5,0.8,0.25595479226995344,0.25595479226995344,1,False,False,False,True,1e-07,0.9,-0.2570225207971893
0.44031879515898736,0.04802998626135249,6.037508144365339,0.972672351281999,0.4119900558478942,0.5010406921040024,,3,1,0.1,5715272.678293227,0.28516882147934725,2,1,0.8962612901172999,0.995845877908111,1,10,1,1.5,0.8,0.28516882147934725,0.28516882147934725,1,False,False,False,True,1e-07,0.9,-0.2863584178259184
0.42448581137745384,0.04973065809040578,6.069129216524583,0.8959488574753643,0.35629265447184166,0.5010406921040024,,3,1,0.1,6367599.352990125,0.31771726570429243,2,1,0.8962612901172999,0.995845877908111,1,10,1,1.5,0.8,0.31771726570429243,0.31771726570429243,1,False,False,False,True,1e-07,0.9,-0.31904263955324175
0.40959375703578704,0.05093920765432874,6.074212563222622,0.8238889602957588,0.30707311259876835,0.5010406921040024,,3,1,0.1,7094380.960738681,0.3539807065967155,2,1,0.8962612901172999,0.995845877908111,1,10,1,1.5,0.8,0.3539807065967155,0.3539807065967155,1,False,False,False,True,1e-07,0.9,-0.35545735524694194
0.39550885499266164,0.051615817461113975,6.031513351334789,0.7564764783918688,0.263542509201646,0.5010406921040024,,3,1,0.1,7904115.580367755,0.39438316443064236,2,1,0.8962612901172999,0.995845877908111,1,10,1,1.5,0.8,0.39438316443064236,0.39438316443064236,1,False,False,False,True,1e-07,0.9,-0.3960283540033385
0.38209026499926435,0.05172992355593403,5.919045110697934,0.6933602832690396,0.22504300801570365,0.5010406921040024,,3,1,0.1,8806271.211991947,0.4393970560760788,2,1,0.8962612901172999,0.995845877908111,1,10,1,1.5,0.8,0.4393970560760788,0.4393970560760788,1,False,False,False,True,1e-07,0.9,-0.4412300234036101
0.36921257630495113,0.051267148527046405,5.720581567655842,0.6339323649830543,0.1910436123299485,0.5010406921040024,,3,1,0.1,9811396.636786506,0.48954871886342605,2,1,0.8962612901172999,0.995845877908111,1,10,1,1.5,0.8,0.48954871886342605,0.48954871886342605,1,False,False,False,True,1e-07,0.9,-0.49159089642129317
0.35678820235862413,0.05023694755901408,5.432574526529183,0.5775383333793441,0.16112516899096385,0.5010406921040024,,3,1,0.1,10931244.490913535,0.5454245649277322,2,1,0.8962612901172999,0.995845877908111,1,10,1,1.5,0.8,0.5454245649277322,0.5454245649277322,1,False,False,False,True,1e-07,0.9,-0.5476998314396962
0.344788452024005,0.04867725791707839,5.067607781276814,0.5237482906337126,0.13495146973302008,0.5010406921040024,,3,1,0.1,12178908.962439997,0.607677937994153,2,1,0.8962612901172999,0.995845877908111,1,10,1,1.5,0.8,0.607677937994153,0.607677937994153,1,False,False,False,True,1e-07,0.9,-0.6102128976407921
0.3332543842316115,0.04665329044871561,4.6516662318159705,0.4725265462601372,0.11223258344101696,0.5010406921040025,,3,1,0.1,13568978.679498706,0.6770367527794673,2,1,0.8962612901172999,0.995845877908111,1,10,1,1.5,0.8,0.6770367527794673,0.6770367527794673,1,False,False,False,True,1e-07,0.9,-0.6798610462748879
0.3222847104129847,0.044250732101398293,4.216406533721259,0.4241869216610931,0.09269254893462213,0.5010406921040024,,3,1,0.1,15117707.36042074,0.7543120063354615,2,1,0.8962612901172999,0.995845877908111,1,10,1,1.5,0.8,0.7543120063354615,0.7543120063354615,1,False,False,False,True,1e-07,0.9,-0.757458657509515
0.31200067207355275,0.041566268087617,3.790745834263996,0.37918394158329527,0.076050459109746,0.5010406921040024,,3,1,0.1,16843204.055007797,0.8404072608554034,2,1,0.8962612901172999,0.995845877908111,1,10,1,1.5,0.8,0.8404072608554034,0.8404072608554034,1,False,False,False,True,1e-07,0.9,-0.8439130627939154
0.3025056744244106,0.038698445027954685,3.395587627838407,0.33789324470171395,0.06201567618548038,0.5010406921040024,,3,1,0.1,18765644.51638695,0.9363292088239408,2,1,0.8962612901172999,0.995845877908111,1,10,1,1.5,0.8,0.9363292088239408,0.9363292088239408,1,False,False,False,True,1e-07,0.9,-0.9402351540820045
0.29385931817539584,0.03574038779022524,3.0426238274081934,0.30049151120112144,0.05029226525622696,0.5010406921040024,,3,1,0.1,20907507.524657905,1.043199444046343,2,1,0.8962612901172999,0.995845877908111,1,10,1,1.5,0.8,1.043199444046343,1.043199444046343,1,False,False,False,True,1e-07,0.9,-1.0475512039650636
0.28607204715288537,0.03277463330784072,2.735885695135805,0.2669454374719515,0.040587220576426636,0.5010406921040024,,3,1,0.1,23293837.257689197,1.1622675761930954,2,1,0.8962612901172999,0.995845877908111,1,10,1,1.5,0.8,1.1622675761930954,1.1622675761930954,1,False,False,False,True,1e-07,0.9,-1.1671160349243301
0.2791142111976521,0.02986993498621026,2.4742539250582265,0.23706246919389595,0.03261902570064208,0.5010406921040024,,3,1,0.1,25952536.62003303,1.2949258422052619,2,1,0.8962612901172999,0.995845877908111,1,10,1,1.5,0.8,1.2949258422052619,1.2949258422052619,1,False,False,False,True,1e-07,0.9,-1.3003276916885849
0.27293021699228764,0.027079857271057314,2.253759503572277,0.210555879439802,0.026124884279919672,0.5010406921040024,,3,1,0.1,28914693.16544263,1.442725385408517,2,1,0.8962612901172999,0.995845877908111,1,10,1,1.5,0.8,1.442725385408517,1.442725385408517,1,False,False,False,True,1e-07,0.9,-1.4487437882573424
0.2674514626353668,0.02444291730769034,2.069240542116525,0.18709883217849074,0.02086593868985466,0.5010406921040024,,3,1,0.1,32214942.69943262,1.6073943926838532,2,1,0.8962612901172999,0.995845877908111,1,10,1,1.5,0.8,1.6073943926838532,1.6073943926838532,1,False,False,False,True,1e-07,0.9,-1.614099720731696
0.26260565152241105,0.021983907427286342,1.9153585734549856,0.16636067049449574,0.01663029710838953,0.5010406921040024,,3,1,0.1,35891874.292882144,1.7908583017688409,2,1,0.8962612901172999,0.995845877908111,1,10,1,1.5,0.8,1.7908583017688409,1.7908583017688409,1,False,False,False,True,1e-07,0.9,-1.7983289589113687
0.25832248883640796,0.019715953399048233,1.7871368409535593,0.14802771452088617,0.013234015562121254,0.5010406921040025,,3,1,0.1,39988481.70399248,1.9952623149688795,2,1,0.8962612901172999,0.995845877908111,1,10,1,1.5,0.8,1.9952623149688795,1.9952623149688795,1,False,False,False,True,1e-07,0.9,-2.0035856539230648
0.8333333315592183,3.23546634896353e-10,5.6914176794615745,12.71974085518551,16.88271675009402,0.5010406921040025,,3,1,0.1,200417.16522968427,0.01,2,1,0.8962612901172999,0.995845877908111,1,10,1,2.0,0.8,0.01,0.01,1,False,False,False,True,1e-07,0.9,-0.010041715512249902
0.8333333195674129,2.5104996297401633e-09,5.69141471156461,11.416675197270104,15.153177951575376,0.5010406921040024,,3,1,0.1,223292.27048587645,0.011141374574404603,2,1,0.8962612901172999,0.995845877908111,1,10,1,2.0,0.8,0.011141374574404603,0.011141374574404603,1,False,False,False,True,1e-07,0.9,-0.011187851389158536
0.8333332467427562,1.57915895073038e-08,5.691412096487718,10.247103542184908,13.600819332410152,0.5010406921040024,,3,1,0.1,248778.28291504926,0.012413022740718939,2,1,0.8962612901172999,0.995845877908111,1,10,1,2.0,0.8,0.012413022740718939,0.012413022740718939,1,False,False,False,True,1e-07,0.9,-0.012464804300938817
0.8333328821869439,8.227584504643827e-08,5.691409984441586,9.197358636157409,12.207487577033271,0.5010406921040024,,3,1,0.1,277173.20313036785,0.013829813595495212,2,1,0.8962612901172999,0.995845877908111,1,10,1,2.0,0.8,0.013829813595495212,0.013829813595495212,1,False,False,False,True,1e-07,0.9,-0.013887505371340888
0.8333313483120501,3.619772496876201e-07,5.691409037004747,8.255193025417798,10.956883451345991,0.5010406921040024,,3,1,0.1,308809.04799522745,0.015408313356160552,2,1,0.8962612901172999,0.995845877908111,1,10,1,2.0,0.8,0.015408313356160552,0.015408313356160552,1,False,False,False,True,1e-07,0.9,-0.015472589924616477
0.8333258306023298,1.3682793624120089e-06,5.691411441059509,7.409665069760748,9.834362951619955,0.5010406921040024,,3,1,0.1,344055.7277597,0.017166979066078603,2,1,0.8962612901172999,0.995845877908111,1,10,1,2.0,0.8,0.017166979066078603,0.017166979066078603,1,False,False,False,True,1e-07,0.9,-0.017238591998631085
0.8333085849153163,4.5133850317373425e-06,5.691423260156304,6.651065641045307,8.826750579934181,0.5010406921040024,,3,1,0.1,383325.3733343743,0.01912637440861442,2,1,0.8962612901172999,0.995845877908111,1,10,1,2.0,0.8,0.01912637440861442,0.01912637440861442,1,False,False,False,True,1e-07,0.9,-0.0192061610592083
0.833261095579905,1.3174001324255312e-05,5.691459027958942,5.970887012668676,7.922161925733916,0.5010406921040024,,3,1,0.1,427077.15706122963,0.021309410153667968,2,1,0.8962612901172999,0.995845877908111,1,10,1,2.0,0.8,0.021309410153667968,0.021309410153667968,1,False,False,False,True,1e-07,0.9,-0.02139830344969832
0.8331444055509162,3.4454466742773214e-05,5.691549359368491,5.361819334908849,7.109837475394709,0.5010406921040024,,3,1,0.1,475822.657564812,0.02374161204816357,2,1,0.8962612901172999,0.995845877908111,1,10,1,2.0,0.8,0.02374161204816357,0.02374161204816357,1,False,False,False,True,1e-07,0.9,-0.02384065139898633
0.8328856210488748,8.164700263028286e-05,5.69175161155866,4.817739319238333,6.379995721054055,0.5010406921040024,,3,1,0.1,530131.8466990698,0.026451419282878755,2,1,0.8962612901172999,0.995845877908111,1,10,1,2.0,0.8,0.026451419282878755,0.026451419282878755,1,False,False,False,True,1e-07,0.9,-0.02656176273339098
0.8323623477097135,0.00017706666619099874,5.692162317164951,4.333641257185672,5.723717878672004,0.5010406921040024,,3,1,0.1,590639.7474479738,0.029470517025518096,2,1,0.8962612901172999,0.995845877908111,1,10,1,2.0,0.8,0.029470517025518096,0.029470517025518096,1,False,False,False,True,1e-07,0.9,-0.029593454796916992
0.8313888480179354,0.0003545655542112125,5.6929286666243355,3.9054650627668264,5.13287535053209,0.5010406921040024,,3,1,0.1,658053.8655182146,0.03283420690826654,2,1,0.8962612901172999,0.995845877908111,1,10,1,2.0,0.8,0.03283420690826654,0.03283420690826654,1,False,False,False,True,1e-07,0.9,-0.03297117648431631
0.8297091197893248,0.000660769636686806,5.694255447027129,3.5298037176177797,4.600103328330028,0.5010406921040024,,3,1,0.1,733162.460960489,0.03658181980185008,2,1,0.8962612901172999,0.995845877908111,1,10,1,2.0,0.8,0.03658181980185008,0.03658181980185008,1,False,False,False,True,1e-07,0.9,-0.03673442273705686
0.827002025341773,0.0011540906976715793,5.69640413224318,3.2035153489325405,4.1188119935925,0.5010406921040024,,3,1,0.1,816843.7615024893,0.04075717570257835,2,1,0.8962612901172999,0.995845877908111,1,10,1,2.0,0.8,0.04075717570257835,0.04075717570257835,1,False,False,False,True,1e-07,0.9,-0.04092719634880758
0.8229016537544248,0.0019009217188454626,5.699682351562492,2.923306693430431,3.6832153924198434,0.5010406921040024,,3,1,0.1,910076.2302131369,0.045409096109724746,2,1,0.8962612901172999,0.995845877908111,1,10,1,2.0,0.8,0.045409096109724746,0.045409096109724746,1,False,False,False,True,1e-07,0.9,-0.04559852248022697
0.8170325624729883,0.002969078964438195,5.704424261260109,2.6853781176944573,3.288351959963276,0.5010406921040024,,3,1,0.1,1013950.0169136256,0.05059197488435822,2,1,0.8962612901172999,0.995845877908111,1,10,1,2.0,0.8,0.05059197488435822,0.05059197488435822,1,False,False,False,True,1e-07,0.9,-0.05080302189916175
0.8090553518658882,0.004419339176421369,5.7109646531805245,2.485215759369759,2.9300724218038714,0.5010406921040024,,3,1,0.1,1129679.6942493417,0.056366414264550524,2,1,0.8962612901172999,0.995845877908111,1,10,1,2.0,0.8,0.056366414264550524,0.056366414264550524,1,False,False,False,True,1e-07,0.9,-0.05660154964902412
0.7987144970359409,0.006296587903407931,5.719611418277672,2.3175839453377645,2.6049799946082155,0.5010406921040024,,3,1,0.1,1258618.4639040076,0.06279993347374203,2,1,0.8962612901172999,0.995845877908111,1,10,1,2.0,0.8,0.06279993347374203,0.06279993347374203,1,False,False,False,True,1e-07,0.9,-0.06306190661315372
0.7858787805962769,0.008622394978554928,5.730622253597692,2.1767207613360173,2.3103214338741793,0.5010406921040024,,3,1,0.1,1402273.9738430681,0.06996775820786501,2,1,0.8962612901172999,0.995845877908111,1,10,1,2.0,0.8,0.06996775820786501,0.06996775820786501,1,False,False,False,True,1e-07,0.9,-0.07025963229532685
0.7705657818267562,0.011390612047351489,5.744192681169064,2.0566878113255105,2.0438411300619617,0.5010406921040024,,3,1,0.1,1562325.959382379,0.0779537002325196,2,1,0.8962612901172999,0.995845877908111,1,10,1,2.0,0.8,0.0779537002325196,0.0779537002325196,1,False,False,False,True,1e-07,0.9,-0.0782788880862171
0.7529454868579838,0.01456687155767578,5.760463667142727,1.9517888412770634,1.8036199814883715,0.5010406921040024,,3,1,0.1,1740645.8717649,0.08685113737513525,2,1,0.8962612901172999,0.995845877908111,1,10,1,2.0,0.8,0.08685113737513525,0.08685113737513525,1,False,False,False,True,1e-07,0.9,-0.0872134413436443
0.7333230331591842,0.018091879290775412,5.77955738644036,1.8569621742237152,1.5879237512635516,0.5010406921040024,,3,1,0.1,1939318.7668243877,0.09676410537094532,2,1,0.8962612901172999,0.995845877908111,1,10,1,2.0,0.8,0.09676410537094532,0.09676410537094532,1,False,False,False,True,1e-07,0.9,-0.09716776179324058
0.7121052239445265,0.0218874730461122,5.801646693707942,1.7680696459456384,1.3950820156595563,0.5010406921040024,,3,1,0.1,2160667.6808306174,0.10780851432948585,2,1,0.8962612901172999,0.995845877908111,1,10,1,2.0,0.8,0.10780851432948585,0.10780851432948585,1,False,False,False,True,1e-07,0.9,-0.1082582430695014
0.6897582987078952,0.025863882831622196,5.827055114383299,1.682040765918738,1.2234105645453124,0.5010406921040024,,3,1,0.1,2407280.7937350464,0.12011350404548678,2,1,0.8962612901172999,0.995845877908111,1,10,1,2.0,0.8,0.12011350404548678,0.12011350404548678,1,False,False,False,True,1e-07,0.9,-0.1206145636804256
0.6667648806290001,0.029926626449340306,5.856368446802194,1.5968709240036596,1.0711800386604553,0.5010406921040024,,3,1,0.1,2682041.703446354,0.13382295400150307,2,1,0.8962612901172999,0.995845877908111,1,10,1,2.0,0.8,0.13382295400150307,0.13382295400150307,1,False,False,False,True,1e-07,0.9,-0.13438120330919986
0.6435863203486448,0.03398194071775709,5.890517254548478,1.511503809213127,0.9366243737258185,0.5010406921040024,,3,1,0.1,2988163.1203426477,0.14909716571840637,2,1,0.8962612901172999,0.995845877908111,1,10,1,2.0,0.8,0.14909716571840637,0.14909716571840637,1,False,False,False,True,1e-07,0.9,-0.14971913218270158
0.6206337201468475,0.03794033464135013,5.930764418252338,1.4256438238573692,0.817976246502087,0.5010406921040023,,3,1,0.1,3329224.472773343,0.16611473712508423,2,1,0.8962612901172999,0.995845877908111,1,10,1,2.0,0.8,0.16611473712508423,0.16611473712508423,1,False,False,False,True,1e-07,0.9,-0.1668076932602273
0.5982478385065758,0.04171845096794474,5.978508297135232,1.3395439106526787,0.713514218772051,0.5010406921040024,,3,1,0.1,3709213.684273148,0.18507465086393185,2,1,0.8962612901172999,0.995845877908111,1,10,1,2.0,0.8,0.18507465086393185,0.18507465086393185,1,False,False,False,True,1e-07,0.9,-0.18584669925045794
0.5766857980748633,0.04523971883225187,6.034798004985356,1.2538026218014688,0.6216076830853488,0.5010406921040024,,3,1,0.1,4132573.896162749,0.2061986009502219,2,1,0.8962612901172999,0.995845877908111,1,10,1,2.0,0.8,0.2061986009502219,0.2061986009502219,1,False,False,False,True,1e-07,0.9,-0.2070587689766071
0.5561117147631893,0.048434241207112594,6.0994661390516764,1.1691884368746086,0.5407501261376464,0.5010406921040024,,3,1,0.1,4604255.376664037,0.22973358499046043,2,1,0.8962612901172999,0.995845877908111,1,10,1,2.0,0.8,0.22973358499046043,0.22973358499046043,1,False,False,False,True,1e-07,0.9,-0.2306919304083488
0.5365893076590555,0.05123814750350514,6.169837752151044,1.0864955992234686,0.4695770742720382,0.5010406921040024,,3,1,0.1,5129773.375719185,0.25595479226995344,2,1,0.8962612901172999,0.995845877908111,1,10,1,2.0,0.8,0.25595479226995344,0.25595479226995344,1,False,False,False,True,1e-07,0.9,-0.2570225207971893
0.518077068537693,0.053592519136600195,6.239109548400641,1.0064276336870248,0.4068706029869405,0.5010406921040024,,3,1,0.1,5715272.678293227,0.28516882147934725,2,1,0.8962612901172999,0.995845877908111,1,10,1,2.0,0.8,0.28516882147934725,0.28516882147934725,1,False,False,False,True,1e-07,0.9,-0.2863584178259184
0.5004300175678071,0.05544219239983752,6.294765229407389,0.9295030427127332,0.3515559932041851,0.5010406921040024,,3,1,0.1,6367599.352990125,0.31771726570429243,2,1,0.8962612901172999,0.995845877908111,1,10,1,2.0,0.8,0.31771726570429243,0.31771726570429243,1,False,False,False,True,1e-07,0.9,-0.31904263955324175
0.48341515341184177,0.056735294206115915,6.317831848197056,0.8559830159694737,0.30269705345018216,0.5010406921040024,,3,1,0.1,7094380.960738681,0.3539807065967155,2,1,0.8962612901172999,0.995845877908111,1,10,1,2.0,0.8,0.3539807065967155,0.3539807065967155,1,False,False,False,True,1e-07,0.9,-0.35545735524694194
0.46674821379143927,0.05742496438731484,6.284241657199111,0.7858353812310107,0.2594943985176422,0.5010406921040024,,3,1,0.1,7904115.580367755,0.39438316443064236,2,1,0.8962612901172999,0.995845877908111,1,10,1,2.0,0.8,0.39438316443064236,0.39438316443064236,1,False,False,False,True,1e-07,0.9,-0.3960283540033385
0.4501546404860197,0.05747465024492822,6.16950317699518,0.7187700134739,0.22128594206051222,0.5010406921040024,,3,1,0.1,8806271.211991947,0.4393970560760788,2,1,0.8962612901172999,0.995845877908111,1,10,1,2.0,0.8,0.4393970560760788,0.4393970560760788,1,False,False,False,True,1e-07,0.9,-0.4412300234036101
0.4334466343298291,0.05686685004384185,5.9564912559345515,0.6543859203641819,0.18754308825062477,0.5010406921040024,,3,1,0.1,9811396.636786506,0.48954871886342605,2,1,0.8962612901172999,0.995845877908111,1,10,1,2.0,0.8,0.48954871886342605,0.48954871886342605,1,False,False,False,True,1e-07,0.9,-0.49159089642129317
0.4165938138864347,0.05561245472182454,5.643434880341941,0.5924178728690217,0.1578540745306153,0.5010406921040024,,3,1,0.1,10931244.490913535,0.5454245649277322,2,1,0.8962612901172999,0.995845877908111,1,10,1,2.0,0.8,0.5454245649277322,0.5454245649277322,1,False,False,False,True,1e-07,0.9,-0.5476998314396962
0.3997551275228256,0.053756006786919566,5.247267152939822,0.5329638316047751,0.13189170566009517,0.5010406921040024,,3,1,0.1,12178908.962439997,0.607677937994153,2,1,0.8962612901172999,0.995845877908111,1,10,1,2.0,0.8,0.607677937994153,0.607677937994153,1,False,False,False,True,1e-07,0.9,-0.6102128976407921
0.383246703887291,0.05137371202963585,4.799386637165849,0.47652652155860675,0.1093735486589137,0.5010406921040025,,3,1,0.1,13568978.679498706,0.6770367527794673,2,1,0.8962612901172999,0.995845877908111,1,10,1,2.0,0.8,0.6770367527794673,0.6770367527794673,1,False,False,False,True,1e-07,0.9,-0.6798610462748879
0.36745144541565006,0.04856515119326687,4.335975308775982,0.4238212583009758,0.09002845656841003,0.5010406921040024,,3,1,0.1,15117707.36042074,0.7543120063354615,2,1,0.8962612901172999,0.995845877908111,1,10,1,2.0,0.8,0.7543120063354615,0.7543120063354615,1,False,False,False,True,1e-07,0.9,-0.757458657509515
0.3527128087762391,0.04544246092162421,3.8884342005405372,0.37548696198730636,0.07357828575075118,0.5010406921040024,,3,1,0.1,16843204.055007797,0.8404072608554034,2,1,0.8962612901172999,0.995845877908111,1,10,1,2.0,0.8,0.8404072608554034,0.8404072608554034,1,False,False,False,True,1e-07,0.9,-0.8439130627939154
0.33926197668669866,0.0421202226388264,3.478139539672144,0.33188293956776593,0.05973409056655565,0.5010406921040024,,3,1,0.1,18765644.51638695,0.9363292088239408,2,1,0.8962612901172999,0.995845877908111,1,10,1,2.0,0.8,0.9363292088239408,0.9363292088239408,1,False,False,False,True,1e-07,0.9,-0.9402351540820045
0.3271986589941541,0.03870728570689816,3.1159640423805266,0.2930431874812656,0.04820090275591507,0.5010406921040024,,3,1,0.1,20907507.524657905,1.043199444046343,2,1,0.8962612901172999,0.995845877908111,1,10,1,2.0,0.8,1.043199444046343,1.043199444046343,1,False,False,False,True,1e-07,0.9,-1.0475512039650636
0.3165126563883032,0.03530059349117898,2.804599361589934,0.25874360880465497,0.03868576079184204,0.5010406921040024,,3,1,0.1,23293837.257689197,1.1622675761930954,2,1,0.8962612901172999,0.995845877908111,1,10,1,2.0,0.8,1.1622675761930954,1.1622675761930954,1,False,False,False,True,1e-07,0.9,-1.1671160349243301
0.30712136660323264,0.03198098883740725,2.541576132387621,0.22860562704605725,0.030906060583210437,0.5010406921040024,,3,1,0.1,25952536.62003303,1.2949258422052619,2,1,0.8962612901172999,0.995845877908111,1,10,1,2.0,0.8,1.2949258422052619,1.2949258422052619,1,False,False,False,True,1e-07,0.9,-1.3003276916885849
0.29890483757816044,0.028811079007292656,2.3217982690878296,0.2021862004878987,0.024596890231480175,0.5010406921040024,,3,1,0.1,28914693.16544263,1.442725385408517,2,1,0.8962612901172999,0.995845877908111,1,10,1,2.0,0.8,1.442725385408517,1.442725385408517,1,False,False,False,True,1e-07,0.9,-1.4487437882573424
0.29173088547991155,0.025835090139134542,2.139255827341896,0.17903797057819532,0.019516654556181103,0.5010406921040024,,3,1,0.1,32214942.69943262,1.6073943926838532,2,1,0.8962612901172999,0.995845877908111,1,10,1,2.0,0.8,1.6073943926838532,1.6073943926838532,1,False,False,False,True,1e-07,0.9,-1.614099720731696
0.2854700917620351,0.023080351448866582,1.9880143033270679,0.15874231418163218,0.01545062567451193,0.5010406921040024,,3,1,0.1,35891874.292882144,1.7908583017688409,2,1,0.8962612901172999,0.995845877908111,1,10,1,2.0,0.8,1.7908583017688409,1.7908583017688409,1,False,False,False,True,1e-07,0.9,-1.7983289589113687
0.28000331158815583,0.020559845884006667,1.8626998319760346,0.14092376254813824,0.012212383991357186,0.5010406921040025,,3,1,0.1,39988481.70399248,1.9952623149688795,2,1,0.8962612901172999,0.995845877908111,1,10,1,2.0,0.8,1.9952623149688795,1.9952623149688795,1,False,False,False,True,1e-07,0.9,-2.0035856539230648
