A,B,EV
(-3.770243743073977e-05+4.933108984560702e-17j),(-0.002112848735897066-1.8281039942311986e-16j),(-3.224801138203299+2.4574526441556444e-15j)
(-7.982253675699401e-17+1.804563429270793e-17j),(-1.6617092555624212e-16+1.1939118659588594e-15j),(-2.940369669233291-0.2872865440812938j)
(8.373888774824569e-17+7.930869077719291e-18j),(-4.202689590148236e-16+5.515205626793759e-16j),(-2.9403696692332715+0.28728654408129534j)
(-1.248987348727452e-17+6.422125601924414e-17j),(1.2032983655572047e-15-1.2034475966387085e-15j),(-2.93757564179903+0.5018514915864905j)
(4.567868367762919e-18+4.461517416670072e-17j),(8.949264414690844e-16-1.7871968334998904e-15j),(-2.937575641799015-0.5018514915864929j)
(-1.3278685533982165e-17+3.532806905135132e-17j),(-1.4293865255648169e-15-4.459101257443726e-16j),(-2.8955142333300428+0.2699637928939684j)
(-1.1357420204195563e-16+4.336284224531725e-18j),(1.5963686899446478e-15+8.022027149365639e-16j),(-2.8955142333300374-0.2699637928939655j)
(-3.8467791338124936e-17-2.983642698303628e-16j),(1.9622898916012312e-15-1.8741756582063183e-16j),(-2.885744005737838-1.17020254498888j)
(-9.317596450675572e-18+1.9318855112428982e-17j),(-1.2425297356658433e-15+1.7046322680908367e-15j),(-2.8857440057378296+1.1702025449888742j)
(-0.00011214623950801827+6.376458842601669e-05j),(0.004518093754058997+0.002568917067212323j),(-2.664862395858439-2.347963778263365e-15j)
(4.639443394808537e-17-4.100263487297988e-19j),(-1.0068288713092764e-16+1.1904757784247903e-15j),(-2.6557025853717753+0.2162850237571344j)
(5.123206974548991e-17-1.8413531346537216e-17j),(-9.137392875214494e-16+3.8220526060128203e-16j),(-2.6557025853717384-0.2162850237571292j)
(5.980786893789145e-05+7.033869992667725e-05j),(-0.015408803922562553+0.01034935114397334j),(-2.6517621608631674+0.7798001297929797j)
(5.9807868937102656e-05-7.033869992673818e-05j),(-0.015408803922563885-0.01034935114397341j),(-2.65176216086316-0.7798001297929653j)
(-0.00015257698185289995+3.231574429926064e-16j),(0.003202537692839097+1.999388629712286e-15j),(-2.6342348153282087-6.6361502037959296e-15j)
(6.476263081018545e-17+3.060037457311523e-17j),(6.457386623432904e-16-2.8432074371425805e-15j),(-2.6189492557460725+0.022841206443688727j)
(-4.1335155743522204e-17-1.1570324645414125e-16j),(1.962891643248022e-15+2.6673950052509947e-15j),(-2.6189492557460703-0.022841206443693515j)
(-4.951875607532506e-17+7.072465995641832e-17j),(1.5795420534718021e-15+5.793986375047227e-17j),(-2.615506638345897-0.7753217964856661j)
(-1.165758636049649e-16+3.451158387534304e-17j),(3.3262298820795466e-16+4.899941715236311e-16j),(-2.615506638345852+0.7753217964856692j)
(-1.612294727671731e-16+1.6047643808636484e-16j),(-6.446459648079923e-16-7.2922052337106095e-16j),(-2.614387162857857-1.4688784218113433j)
(-3.1941806046062754e-18-3.105176985477281e-17j),(1.5075997918657874e-16-8.47880733140973e-17j),(-2.6143871628578563+1.4688784218113409j)
(-2.0773223588073352e-17+7.321675108929743e-17j),(-6.631399643083048e-16+7.033532516622842e-16j),(-2.6107508958014756+0.6589027335432136j)
(9.190497086153901e-17+7.721815194341923e-17j),(-1.0297162125588942e-15+1.0494524117557031e-16j),(-2.6107508958014582-0.6589027335432014j)
(3.938729134112045e-17-6.10477427061013e-17j),(-5.182627990626903e-16+3.954035906226848e-16j),(-2.6051002028223693+0.5546506502375402j)
(-2.0137035125274356e-17+5.5473092761944606e-17j),(1.7529741336522601e-15-2.2836959269468602e-17j),(-2.6051002028223604-0.5546506502375528j)
(-8.374788664219672e-17+1.0946360485075338e-16j),(-1.227223037168839e-15-8.239120712339063e-17j),(-2.602091881808993-0.23055319420032055j)
(-7.645148823424611e-17-1.3803180702379025e-17j),(-1.6285853749979138e-15-6.103382029856692e-17j),(-2.6020918818089895+0.23055319420031806j)
(3.0409335233394334e-05+1.954715885582979e-17j),(-5.551115123125783e-16-3.6336996193470803e-16j),(-2.571550635003441-7.586666778491309e-16j)
(-2.388591586447624e-17+1.0765256435474388e-16j),(1.8040853708660452e-16+1.026375074003417e-17j),(-2.571550635003431-1.439999999999999j)
(1.5633811290376867e-17+2.99548414736905e-17j),(-1.3331292796302222e-15-1.5216097621869873e-16j),(-2.571550635003415+1.439999999999999j)
(7.510723264467501e-17-8.100883374644866e-17j),(-3.663694340668605e-15+8.024108341210904e-16j),(-2.56173873198781+0.8958406065339896j)
(1.8109501656372168e-16+4.112864524462033e-17j),(1.5574601532791152e-15+1.5219683714303378e-15j),(-2.5617387319878078-0.8958406065339881j)
(2.217369551397932e-17+1.556095614158766e-16j),(-1.9329286478572786e-16+1.6213064170492728e-15j),(-2.5579208769503046-1.6634260134209002j)
(9.30898239602983e-18-7.00836399596507e-17j),(1.4309131944588973e-15+4.713661410962553e-16j),(-2.5579208769502855+1.663426013420907j)
(5.255056609933712e-17+5.750902531859721e-18j),(1.3185210794740512e-15+4.442547435289661e-16j),(-2.5462150522461307+0.9007131257341456j)
(5.813928614305197e-17-1.2652801380234166e-17j),(-7.311146040497608e-16+5.928559234788782e-16j),(-2.546215052246126-0.9007131257341411j)
(0.0001250989576652775-2.7334943374115337e-16j),(-0.029550665114534524+8.768026025890414e-16j),(-2.5294663528884955+6.519331599592115e-16j)
(-7.794794623053891e-17-7.350225651814754e-17j),(2.5407296811608927e-15-2.6760126574960287e-15j),(-2.384755555782889-0.49321352628571913j)
(-2.3252055537793364e-17+7.111799017734568e-17j),(3.1748557612655885e-15-4.800959532041317e-15j),(-2.384755555782854+0.49321352628571696j)
(-1.8012137827474387e-16+1.4536858075684153e-16j),(1.1099172257785893e-15-4.688810813664915e-15j),(-2.3459663291448445+0.27898617034495987j)
(1.4730917632919872e-17+5.0664351881717655e-17j),(-1.4285483301104368e-16+1.948958069000061e-15j),(-2.345966329144826-0.2789861703449651j)
(-5.983241745659402e-17+1.508804766217958e-17j),(-3.2426004348006527e-16+4.09218363138747e-15j),(-2.3426602838755297+0.48247060853542756j)
(-7.764899013989679e-17-5.1220921509160576e-17j),(-8.431976439057073e-16+2.58714816691444e-15j),(-2.3426602838755257-0.4824706085354275j)
(2.737089888078078e-17+6.390750718404786e-17j),(2.689841744278832e-16+1.0705643834605257e-15j),(-2.342634288233459-0.9560165297010798j)
(-1.0048052732449015e-17-6.649621371059762e-17j),(-2.160189683078515e-15+3.3431190114083928e-15j),(-2.3426342882334183+0.9560165297010663j)
(-1.20686823989005e-17-1.2903695433246045e-18j),(-1.4207918634821299e-15-5.170256970914433e-16j),(-2.336101539630129+0.26295346866585056j)
(-1.2887039934077033e-16+2.9955083081445765e-17j),(1.3435212959411654e-15-3.848443860478749e-15j),(-2.3361015396300977-0.262953468665839j)
(1.7549596378472191e-16+2.0163811422014237e-16j),(1.8660308676324796e-17-2.4578366640714136e-15j),(-2.326147274209611+0.5160695054080847j)
(-5.926671784901144e-18+3.187506587277871e-17j),(1.0347015414371466e-15-1.3759747843212492e-16j),(-2.3261472742096094-0.5160695054080906j)
(-4.161525374513458e-18+8.982047914434848e-18j),(-1.279335456613441e-15-3.309340785342047e-15j),(-2.3243923467097463+1.0590608310632372j)
(-1.2085246158910466e-17+1.543249915126082e-17j),(1.5600179520245658e-15+8.982314256283776e-16j),(-2.324392346709707-1.0590608310632406j)
(5.1673621389964766e-17+3.075245464670486e-18j),(6.186876271541299e-16+1.3494632207799356e-15j),(-2.3117806831833168-0.05150302334949826j)
(-7.936625234840696e-18-1.3715571660406387e-17j),(2.764469970617307e-16-2.0312296852615813e-15j),(-2.3117806831832928+0.05150302334948818j)
(-3.7014277862772346e-17+3.3463729945688932e-18j),(-4.4336274325977654e-15-1.0775671574805455e-15j),(-2.3029795511041815+0.27660350742694967j)
(1.2239301927198598e-16+5.579035113425378e-17j),(-2.9800686237388163e-15-1.4983211008057418e-16j),(-2.3029795511041486-0.27660350742694123j)
(-5.256554629810017e-17+2.905286101944059e-17j),(-9.730468049851973e-16-8.845340652184347e-16j),(-2.301086151394098-1.19166853863049j)
(-8.8256519328701e-17-5.34568740448232e-18j),(9.191241946423938e-16-1.2004691316489005e-15j),(-2.3010861513940877+1.1916685386304904j)
(4.348744618734295e-17-2.817591841256336e-17j),(3.07097127773059e-16-5.079748975998032e-16j),(-2.2924743714067755+1.1509464542419576j)
(2.5248182725154437e-17+2.7721996463959617e-17j),(6.696906906941828e-16-1.717509573125932e-15j),(-2.2924743714067675-1.1509464542419496j)
(-3.7769801933368446e-18-3.157675335638064e-17j),(3.169390070677327e-16-2.718846469806994e-16j),(-2.292474371406767-1.729053545758052j)
(-7.244591617447519e-19-2.415133869205359e-17j),(-2.895525035965688e-16-2.679552070763941e-16j),(-2.2924743714067586+1.7290535457580378j)
(-2.4705248229287212e-17-1.5555884292585672e-17j),(2.6581613910600365e-15-9.330307519726729e-17j),(-2.2924357152686956-0.289389639051983j)
(2.456818735794351e-17+3.220849304759503e-18j),(-1.1614985180841688e-15-1.729253392153945e-16j),(-2.2924357152686765+0.28938963905199033j)
(1.8047786857588012e-17+4.984256070882908e-18j),(-6.119162962825186e-16+2.799061365368904e-16j),(-2.2898431550447773+0.935878133092886j)
(-1.8307900257283022e-17-2.6311540513172316e-17j),(4.709988195596342e-16-3.584583267718307e-16j),(-2.289843155044767+1.9441218669071265j)
(-1.4234027951073048e-16+2.1016451063758943e-17j),(3.2190486857775604e-16+7.562953717931443e-16j),(-2.2898431550447653-1.944121866907129j)
(-1.0782594838173355e-16+3.9890956509626185e-17j),(2.305709084684515e-16-1.2275283874982153e-15j),(-2.2898431550447254-0.93587813309287j)
(-4.814633983337296e-17-5.3068085030653747e-17j),(3.0991730802875836e-15-7.967300356063966e-16j),(-2.2896881218119898+0.5041947825860769j)
(4.6990705346202125e-17-5.097983620008112e-18j),(5.140528111590116e-16+2.160097923887541e-15j),(-2.2896881218119836-0.5041947825860941j)
(-2.0212511555942167e-05+3.6378378516837275e-05j),(0.019148908251953988+0.00507731530240446j),(-2.2830697848249173-1.2067396286641712j)
(-2.0212511555831524e-05-3.637837851677462e-05j),(0.01914890825195414-0.0050773153024045205j),(-2.283069784824917+1.206739628664185j)
(-1.0704978420251329e-16+1.0017060129996784e-16j),(-2.3033047427386157e-16+2.705990141410917e-16j),(-2.2828971537038574+1.9621942014685703j)
(-5.2171306627093507e-17-8.183573321172906e-18j),(2.684276854795044e-16-3.8952956148157395e-15j),(-2.2828971537038436-1.962194201468562j)
(2.7577976467269855e-17+9.066385300745691e-17j),(3.201234262442809e-16+3.330992295994776e-15j),(-2.278987152869049-0.3760532430163243j)
(-3.393877062348291e-17-7.412679013693173e-17j),(-7.85983603053824e-15+6.8972580468655e-15j),(-2.2789871528690333+0.3760532430163226j)
(-0.0001023568308334612+6.320040073902849e-06j),(0.007349779257082273+0.010816981965323927j),(-2.2782321458197745+0.37871317826101464j)
(-0.00010235683083347645-6.32004007372733e-06j),(0.007349779257082724-0.010816981965322098j),(-2.2782321458197727-0.3787131782610219j)
(-6.648487220925567e-17-6.077461960898224e-17j),(-4.481027147278624e-15-7.254123023859864e-16j),(-2.2724184415951827-1.1521259266624664j)
(-8.634102095147074e-17-2.840212668066713e-17j),(2.173696806890451e-15+1.659135595258148e-15j),(-2.272418441595169+1.152125926662462j)
(-6.071678108138368e-17+7.584222494748416e-17j),(1.4203313838677991e-15-2.481402612302979e-15j),(-2.219975875066288+0.5092152367380957j)
(1.0911564343108064e-16+2.8793083821863e-17j),(-9.547252225294948e-16-8.148251165583949e-16j),(-2.2199758750662517-0.5092152367380827j)
(-6.400209264367846e-17-1.5571378125100528e-17j),(1.140071265421089e-14-3.49927466276772e-16j),(-2.2178598410841057+0.2854679943519313j)
(3.9289138650654014e-17+2.7260208286605217e-17j),(-4.836098607789814e-16+3.0898294164106514e-15j),(-2.217859841084095-0.2854679943519293j)
(2.0378324259544263e-17+1.864252075811329e-17j),(-1.932289544108612e-15-1.0916858513799411e-15j),(-2.212099619688794+0.2670353697579602j)
(-9.9583055726e-17+7.442786597760803e-17j),(1.6609784104444414e-15-3.3964187823961696e-15j),(-2.212099619688778-0.26703536975796505j)
(2.824798651539597e-17+4.4747020244301434e-17j),(-1.30652697735565e-15+1.3661520035710376e-15j),(-2.202902047096802-1.3986848114322101j)
(-9.02505768783959e-17-9.554968461340008e-18j),(3.524764697938889e-16+5.831322373264653e-16j),(-2.2029020470967975+1.3986848114322126j)
(1.277773069678944e-16-1.2847418570175397e-17j),(-2.15695110729537e-15+1.222042349507348e-15j),(-2.1953410053512648+1.1809027010706103j)
(3.3009960647934356e-17-1.4397152301450893e-16j),(6.145697600365379e-15+5.648543668554664e-16j),(-2.1953410053512457-1.1809027010706044j)
(-7.33785200679548e-17-5.291556163249729e-17j),(3.5066310794774027e-15+2.5312757979947246e-15j),(-2.1836461361385746-0.9965047787266467j)
(-9.779362866413342e-18-3.593699720959191e-17j),(-9.073813636701952e-16-1.5723351198118866e-15j),(-2.18364613613857+0.9965047787266521j)
(-5.59211431622437e-17-9.387501688490306e-17j),(-4.670286305892962e-15+4.3738082659479894e-16j),(-2.1417527092689164-0.6001090662764533j)
(4.5123583304024947e-17-1.1040224948914237e-16j),(-1.419786259519125e-15-1.0493213154716379e-15j),(-2.1417527092689053+0.60010906627645j)
(-6.979621537641499e-17-1.1268534472549552e-16j),(-1.8758696705912224e-15+5.2212436395111206e-15j),(-2.1385151673921006-1.4305772401707646j)
(2.543580292085418e-17-5.138430400216134e-18j),(-2.8817754333264617e-16+1.2168276513563792e-15j),(-2.138515167392095+1.4305772401707564j)
(1.0145719536064641e-16+3.1016855678987553e-18j),(8.48632653238222e-16-2.591940515170184e-15j),(-2.09787228818095+0.7621782307179955j)
(-5.922286495920314e-17-8.734828603523879e-17j),(-1.2837613145644982e-15-2.1849976331260296e-15j),(-2.0978722881809393-0.7621782307179719j)
(-0.0006748253419859905+3.776520679063332e-16j),(-0.08326043506569142-1.0573725406750855e-16j),(-2.077177931673198-5.771608713934566e-15j)
(-5.2889453758381334e-17+5.6418128974452e-17j),(2.8920389711646925e-15-2.5398213111172965e-15j),(-2.045952843065245+0.677886477170547j)
(-6.835522222044319e-17+3.985276948669356e-17j),(2.0326169513198783e-16+3.9932524267514506e-15j),(-2.0459528430652316-0.6778864771705471j)
(1.4220959134214402e-17+4.888636882793704e-19j),(-4.467059867993313e-16+1.0171250097857291e-15j),(-2.045846231767134-1.3202031605579463j)
(4.5485382911158994e-17+6.667915102457037e-17j),(8.675750322014111e-16+1.3063192152758195e-15j),(-2.0458462317671215+1.3202031605579494j)
(9.226577995738541e-17-3.737061397347825e-17j),(2.7020203978589128e-15+3.8552879675416297e-16j),(-2.0406076388330288-0.23084730344789497j)
(9.203997034370774e-17-7.094523672784625e-17j),(-3.7557441570172915e-15+2.193279115915276e-15j),(-2.0406076388330128+0.23084730344789242j)
(5.0675646830116014e-17+9.43813599410457e-17j),(1.0843401551833945e-15-1.4830911697047033e-15j),(-2.028016852622018+0.4541958247548686j)
(3.626564746972364e-17+1.169836371160001e-17j),(-1.915314280297483e-15-2.259156013513135e-15j),(-2.0280168526220033-0.454195824754867j)
(-5.264441199197276e-17+4.647090688005829e-17j),(-3.3622626661701046e-16+1.0185445429149087e-14j),(-2.026561345319872+0.014387708536993421j)
(2.3182490298602104e-17-1.8349729684313955e-17j),(3.73150252108501e-15-3.1147557362549974e-15j),(-2.026561345319864-0.01438770853699723j)
(-5.429105594371431e-17-1.1111156560389529e-17j),(-5.197942953175232e-16+6.641774205389116e-16j),(-2.0238864250453648-1.4399999999999962j)
(-1.0259872042326002e-17+5.690171801377353e-19j),(-7.626604172569971e-16+6.223697322244281e-17j),(-2.0238864250453616+1.440000000000004j)
(6.555179806530574e-05+1.81446709241636e-16j),(-0.05378933602729388-1.3968618956085303e-14j),(-2.0220425430073465-1.057313958607864e-15j)
(1.9288958951917618e-05-4.37562883407142e-05j),(0.013126390412084632+0.011128598681749008j),(-2.0166082555572014-0.7873783093329064j)
(1.928895895232258e-05+4.375628834069924e-05j),(0.013126390412074807-0.011128598681752394j),(-2.0166082555571876+0.7873783093329119j)
(2.5448967100911247e-17-1.780686315927015e-17j),(5.373984409213692e-15-7.772899963890646e-16j),(-2.015661147273229-0.653893648394709j)
(-4.090325903266357e-17-3.533613622413209e-18j),(9.039389988687313e-16+1.0306915506683934e-16j),(-2.015661147273228+2.2261063516052855j)
(4.604817083738742e-17+3.166906953887293e-17j),(4.3871149490697344e-16+3.516552035215683e-16j),(-2.0156611472732227-2.226106351605292j)
(-7.385886915254825e-17+3.706748778758456e-17j),(8.060555365441833e-16-3.2590725596802177e-16j),(-2.0156611472732084+0.6538936483947079j)
(-2.996371460927649e-17+5.3958048054965317e-17j),(5.43183489312958e-16-3.913657332588353e-15j),(-2.01468289541738+0.6889860939490572j)
(-1.2091611365340794e-17-6.167217796498435e-17j),(2.7296642698695566e-15+1.1045335781287146e-15j),(-2.014682895417379-0.6889860939490633j)
(-4.663427278217488e-17+5.633153187767726e-17j),(5.820304599000133e-16-2.6489852756618414e-16j),(-2.014010437862324-1.2229459376190968j)
(2.730504044207899e-18+3.9157856279560113e-19j),(5.015427918235842e-18+7.091601932812932e-18j),(-2.0140104378623236+1.6570540623809162j)
(-6.5524917030908995e-18-4.686291390676338e-17j),(-1.4170876868711046e-15-3.7218759802575566e-16j),(-2.0140104378623205-1.6570540623809042j)
(1.843594711848399e-17-4.0157229341407106e-17j),(1.4205881298677317e-15+5.16380243275086e-16j),(-2.014010437862305+1.2229459376190863j)
(-2.4516918704618788e-17+4.2216711798066426e-17j),(5.109533319819403e-15-7.620012548397633e-15j),(-2.0139313596141535-0.21492027577545283j)
(4.63808611969206e-18-1.0131166238550237e-16j),(8.693610235883539e-16-8.621670696199711e-16j),(-2.013931359614135+0.21492027577545325j)
(7.668359445857498e-18+1.3450704462348318e-16j),(-1.181522826231635e-15+1.5002698805304851e-15j),(-2.006701224264388-0.5546761441495396j)
(7.126481851195207e-18-1.2402210235430691e-17j),(-1.892897817172116e-15-8.367511293926019e-15j),(-2.00670122426436+0.5546761441495331j)
(-4.4587905988022105e-17+1.120779254569909e-16j),(-1.2901469418944483e-15+2.876000657589111e-17j),(-1.9972220060441173-1.4505151119841129j)
(-1.169791789770173e-16-7.047834537484936e-17j),(3.6403085672021076e-16+2.669617792205527e-15j),(-1.9972220060441126+1.4505151119841133j)
(1.116273812305088e-16-1.9863005082464128e-17j),(8.746227895372212e-16+9.65539459372765e-17j),(-1.9923438865986274-1.4400000000000124j)
(1.3559887223529711e-17+4.998373625154067e-18j),(-6.655958701154237e-16+3.297325724564934e-16j),(-1.992343886598618+1.4400000000000115j)
(6.24674705154496e-05+1.689003873157592e-16j),(-0.216715194034226+1.0152900844518437e-13j),(-1.9907413747734035+1.5844077069321989e-15j)
(-3.157098519476238e-17-5.067341684450199e-18j),(-8.14014474589178e-15+5.823342733594685e-16j),(-1.9874252932556116-0.9800970183344959j)
(-4.191896139312339e-18+2.148507202398851e-17j),(-4.894454854557113e-15+2.1848411348748705e-15j),(-1.9874252932556105+0.9800970183344989j)
(8.304728913173217e-05+1.7107087334139162e-16j),(0.24170499558846004-1.1149835850911097e-13j),(-1.9765435638926596-2.2399606716809053e-15j)
(-1.6557425808482295e-18-4.018737923755902e-18j),(1.1233932533127158e-16-2.4170263149547514e-15j),(-1.9740805091756597+1.704872601230527j)
(5.243478509906623e-17+1.4954323301361853e-16j),(-1.5755918586089654e-15+4.2057425389276033e-16j),(-1.974080509175654-1.704872601230529j)
(-1.672038573910556e-17+3.3204039549681004e-17j),(2.2092281594441948e-15-6.2147631685240715e-15j),(-1.970279096316891+1.2520820282363538j)
(4.755536406736638e-17+1.3212614771833458e-16j),(5.56747443090969e-15-2.0685591110995443e-16j),(-1.9702790963168864-1.2520820282363385j)
(4.630225826742046e-17+1.3190894324877734e-17j),(-4.532278204335296e-15-2.6399420103511726e-15j),(-1.9620515867514796+0.6468907780708815j)
(-9.017319646870013e-17-5.4211192874126626e-17j),(-1.8899244035169476e-15+1.2897898046613846e-16j),(-1.9620515867514663-0.6468907780708836j)
(-1.0570369149848063e-16-2.7036295230558706e-17j),(-2.5029534378044066e-16-6.534184511096707e-16j),(-1.9581986965116842-0.8466400966120613j)
(-1.0843095073464849e-17-5.2487233257302626e-17j),(6.645447153629277e-15+4.3865149070993445e-16j),(-1.958198696511656+0.8466400966120587j)
(3.848970009751479e-17-8.418745750017158e-17j),(3.191658671195452e-15+9.436086823385575e-16j),(-1.957204480879911-0.7917162019661903j)
(2.0316442812167473e-17-8.909413635059204e-18j),(7.765304249622195e-16+3.729235694751226e-16j),(-1.957204480879899+0.7917162019661839j)
(3.096356959179147e-18-6.130923294420872e-18j),(-2.2670010885990743e-15-3.337917682466988e-15j),(-1.95429896065264-0.046041329818806535j)
(-2.5118750428016445e-17+2.527055746853086e-17j),(-5.259333879723111e-15+3.721303067115067e-15j),(-1.9542989606526329+0.0460413298188062j)
(5.87740393566938e-17-1.6062343092647264e-17j),(-1.0365235744334053e-15+1.2249895280578376e-15j),(-1.9535565784907716-1.4948826461506268j)
(-6.349381907600598e-17-1.5951938160634084e-17j),(-1.0285591819332619e-15+8.983670302563035e-17j),(-1.9535565784907651+1.4948826461506202j)
(-1.8865732200571814e-17-1.3685360021147797e-16j),(1.414691488774785e-15+7.194767193839161e-16j),(-1.9501413431100738+1.7592751504923694j)
(-8.97161158820547e-18+3.5270813330903604e-17j),(1.5302142174696108e-16+7.894089802375168e-16j),(-1.9501413431100696-1.759275150492358j)
(3.643949343336611e-17-1.7507136623947375e-17j),(1.4353057875327113e-15+1.301327820863161e-15j),(-1.9490912331592145-0.902993123943736j)
(-3.4121400640271765e-18+1.7265374993473044e-17j),(-3.21765414126894e-16-2.4176775676216218e-15j),(-1.9490912331591992+0.9029931239437312j)
(-2.433064989219989e-17-1.3779617907199297e-16j),(-2.9140207337085856e-15+9.09296003071276e-16j),(-1.9464201816728033+0.04268167474632692j)
(3.4840580039770364e-17-6.795598582479032e-17j),(-3.5082573713734814e-15-7.910164966615712e-16j),(-1.9464201816727906-0.042681674746325025j)
(-0.0007910161880673263-2.483246552732266e-05j),(0.10417871945594698-0.03483612074240419j),(-1.9396826294035785-0.7901510647069576j)
(-0.0007910161880674635+2.4832465526987532e-05j),(0.10417871945593915+0.03483612074240747j),(-1.9396826294035574+0.7901510647069465j)
(0.00012560484743482227-1.4168280021081847e-05j),(-0.04170833273112351-0.004704717607755156j),(-1.9287415415591733+1.748578592450037e-15j)
(-1.215236722301908e-16+3.861728317158817e-17j),(6.889919996382477e-15+1.933431634042618e-14j),(-1.8951321015815636+0.47873003495662253j)
(4.605088986884033e-17+2.371160533564991e-17j),(1.1922904575413158e-14-5.7237989477461296e-15j),(-1.8951321015815572-0.47873003495662636j)
(-1.495552346163436e-20+8.133483654036693e-17j),(2.459943711807613e-15-4.225556136385938e-15j),(-1.8949479952889507-1.4873913095552784j)
(2.152459774243491e-17+8.39840784165545e-17j),(-2.195709203239748e-15+1.9711522539260646e-15j),(-1.894947995288932+1.4873913095552813j)
(-2.1240430241678515e-17-9.085498202598412e-17j),(-4.308605774386761e-15-2.0857562488221396e-15j),(-1.8909286064159962+1.2610393678663545j)
(5.687497465007461e-17+1.9690919929847273e-16j),(-1.521149042880876e-15+2.0698628426270255e-15j),(-1.8909286064159878-1.261039367866341j)
(0.00020015412397335157+0.00018794167494891111j),(0.03622667050929383-0.10306380290450956j),(-1.8846563771477112-0.7845374440277768j)
(0.0002001541239735533-0.0001879416749490602j),(0.036226670509284326+0.10306380290447584j),(-1.8846563771477092+0.784537444027766j)
(-0.001023694725300557+2.1592057689921402e-16j),(0.2602213337511788-5.102078860254815e-15j),(-1.8760283598163672-1.6098242129048494e-15j)
(9.018384445992404e-17+7.813632733812154e-18j),(-1.899957796860918e-15-4.0121259775641765e-15j),(-1.869905224603815+1.039241899506685j)
(1.708703509537741e-16-9.928945219589832e-17j),(-1.161745471460634e-17+9.743856055662453e-15j),(-1.8699052246037873-1.0392418995066843j)
(8.882944035582176e-18-1.476736880321146e-17j),(-4.924111616112349e-15+2.946585845517297e-15j),(-1.8665052683249501-0.17472124515107784j)
(3.2369005163390845e-19-6.057662010281055e-17j),(2.1540334715123972e-15-1.749220104433223e-16j),(-1.8665052683249355+0.17472124515107293j)
(1.848442501235152e-17+3.937006180232787e-17j),(-1.297141484301011e-15-4.835659786281501e-15j),(-1.8642606542110844-1.0491155958948217j)
(2.9385308517379115e-16-4.705266424984342e-18j),(4.67608750276981e-15-2.7423201283366615e-15j),(-1.8642606542110751+1.0491155958948046j)
(-5.841148841802871e-17+1.5202436504686866e-18j),(4.366117048610008e-15-3.5295206575345285e-16j),(-1.8536788281357746+1.5169204798691585j)
(2.036683484731938e-16-2.113431777705837e-16j),(3.821740347157062e-16+5.08369641711901e-16j),(-1.8536788281357717-1.51692047986915j)
(-2.5813617947367487e-17-5.414503951721998e-17j),(-5.069119311807704e-15-2.2002228159756647e-15j),(-1.8503740972798295-0.22878609406706366j)
(2.935697320959191e-17+3.3559518149080365e-17j),(-9.475440209073341e-15-9.621668384495932e-15j),(-1.85037409727982+0.2287860940670679j)
(7.489291679043108e-17-5.975799200063538e-17j),(5.178935020827466e-16-5.631103988969298e-16j),(-1.8357445412593605+0.7530682575850952j)
(-2.362200077187066e-17-4.003311485369578e-18j),(-7.620838688792537e-16-4.444712716681465e-15j),(-1.8357445412593414-0.7530682575850923j)
(-5.2585948476321624e-17-5.082488083033213e-19j),(1.885782986616047e-16-1.7062333822476504e-15j),(-1.813849210437101+1.8787937955194765j)
(2.4874758317543226e-16+1.7153887932442985e-16j),(-1.1307993936939935e-16+2.1625817850745487e-15j),(-1.81384921043709-1.8787937955194511j)
(-3.9444916853399345e-17+7.413815388076991e-17j),(3.1153419665765506e-15-6.541112497265615e-16j),(-1.80966742403136-0.540672430739896j)
(3.847491164123903e-17-9.374070083596098e-17j),(2.4316615043811776e-15-2.6373402844932637e-15j),(-1.8096674240313548+0.5406724307398826j)
(4.599713636168839e-18+1.3419622012460253e-16j),(3.6102226115246954e-15+8.00375483529748e-15j),(-1.80184460556641-1.3681441689399072j)
(2.521998772941778e-17+9.209777491957335e-17j),(3.163127016359539e-15-1.6505401569803832e-15j),(-1.8018446055663815+1.3681441689398737j)
(1.169560759251672e-17+4.377980724011373e-19j),(7.51488263779421e-16+5.921830282056348e-16j),(-1.8012894561009847+1.2139894274248435j)
(-1.7375852971659617e-17-4.1319904370035117e-17j),(1.9704376452608934e-15-2.4250121633305036e-15j),(-1.801289456100977-1.2139894274248328j)
(-3.479738871168253e-17+7.426316484732765e-17j),(-2.1478893590482547e-15+5.729328905803954e-16j),(-1.7927597140028315-0.7300000000000012j)
(-1.742707270298626e-17+5.232445770404371e-17j),(-1.6667791509001132e-15+1.61752556006355e-15j),(-1.7927597140028277+0.8300000000000088j)
(-3.115753389889616e-17-1.0646660486672385e-16j),(-4.809720006520385e-16+6.957655672939399e-16j),(-1.7927597140028169+2.1699999999999973j)
(-1.0659153171668378e-16-1.3643500636302414e-16j),(-2.0822131526771047e-16+3.0770668412922494e-16j),(-1.7927597140028153-2.1700000000000035j)
(4.538617555977582e-18-6.308186643949631e-17j),(-5.1567556531588055e-15+1.6300128610656266e-15j),(-1.7927597140028104+0.7300000000000074j)
(-4.35074245875987e-17+5.330668784934739e-17j),(6.206088373509867e-16+9.90158510794315e-16j),(-1.7927597140028049+2.2699999999999974j)
(5.98452627671143e-17+1.4951365061304152e-17j),(-4.804037395815741e-16+3.2736673166340574e-16j),(-1.7927597140028024-0.8299999999999951j)
(-5.204474940962506e-17-1.0070295628288825e-16j),(-3.001483070710481e-16-4.3173690254923395e-16j),(-1.792759714002796-2.269999999999999j)
(-8.392963819857908e-17+2.3486259648467417e-17j),(-1.3411979021227505e-14+1.8422499432949082e-14j),(-1.7867059719450935-0.23946764550468644j)
(-1.0565335098736371e-16-7.709591624166601e-18j),(-1.3171362411295713e-14+1.1416292958913999e-14j),(-1.7867059719450837+0.23946764550467747j)
(1.3598524796415451e-17+4.4692988369176e-17j),(-1.1468653669571857e-15-9.902459689457945e-16j),(-1.784517185240072-1.5242768383218288j)
(1.3250270054161247e-17+7.603977675020846e-17j),(6.791217722935734e-16+6.582388892334244e-16j),(-1.784517185240052+1.524276838321821j)
(-9.710649615919625e-17+2.542563539626152e-17j),(-7.11176199750995e-16-1.4721633964011702e-15j),(-1.7712261290585245-1.568771052119478j)
(1.772748896309562e-17+1.4252998171664236e-16j),(-2.039490996820553e-15-1.853940949362536e-15j),(-1.7712261290585158+1.5687710521194642j)
(-1.4491048503717587e-16-3.7617158605323146e-17j),(3.767088476896254e-15+1.6133299513979607e-15j),(-1.7671814875855807-0.6427141318992627j)
(-8.288157728459685e-17+6.916448762525417e-17j),(-1.859684935660134e-15+3.697650340714157e-15j),(-1.7671814875855794+0.6427141318992579j)
(5.97706036471703e-17-1.761939552407543e-16j),(-1.3069979789415243e-14+1.879647023456168e-14j),(-1.7612774234626611+0.6684713721090453j)
(-5.292257871065802e-17-1.2461640820146818e-16j),(3.857873299598296e-15-1.0040514473936999e-14j),(-1.7612774234626543-0.6684713721090418j)
(5.118124780869758e-17+2.0516028909071477e-17j),(-1.0424945188396356e-15+9.970053207770308e-16j),(-1.7597804804041794+0.4905354091502076j)
(-4.232341965545393e-17+3.625671673337389e-17j),(4.201300137309541e-15+2.168630888631894e-15j),(-1.7597804804041752-0.49053540915020477j)
(1.1084910852347588e-16+5.970390820679127e-17j),(-6.213039746864466e-15-1.649902368402002e-16j),(-1.75225728462194-0.9426201366035183j)
(7.114943290349973e-17+7.383434162766592e-17j),(3.2714006967346953e-17+6.698990222247975e-16j),(-1.7522572846219386-1.9373798633964847j)
(-3.225560501987955e-17-3.0480042995761826e-17j),(1.9694724374703747e-15-3.1951965793451995e-15j),(-1.7522572846219349+0.9426201366035107j)
(-4.9907172753751665e-17+2.7534538018425038e-19j),(-2.5910836279934607e-16+5.90355246430906e-16j),(-1.7522572846219266+1.937379863396482j)
(-9.961584856512632e-17+7.092318696105154e-18j),(-2.0487942805767716e-15-3.210796383741754e-15j),(-1.7504232287340833+0.7598711316750876j)
(-9.947112749611632e-18+2.5637806888941806e-17j),(-4.035605055447818e-15+8.170227238244302e-15j),(-1.750423228734076-0.7598711316750884j)
(-2.6435153818367162e-17+6.904584834770658e-17j),(1.3910545704987072e-15-2.163158643341512e-14j),(-1.738207729228102-0.26871073271864293j)
(2.4801106186904962e-17-3.546257530581402e-17j),(1.877120678535384e-15+3.9968461612063e-15j),(-1.7382077292280873+0.26871073271864343j)
(9.308948728074859e-17-6.779665346824795e-17j),(-1.5653749791057034e-15-1.5618261131938283e-15j),(-1.7192048946691534-1.156595708230372j)
(-4.301034439082668e-17+7.89024215316218e-17j),(-9.188692719713232e-16-3.2254475291726056e-15j),(-1.7192048946691496-1.7234042917696364j)
(1.4835671311589755e-17+8.582798333352484e-18j),(-2.1701644557856407e-16-3.103510665444572e-16j),(-1.7192048946691496+1.7234042917696217j)
(-5.669627326424464e-17-9.890209585659416e-17j),(1.8170818834704628e-16+7.35100924582536e-17j),(-1.7192048946691465+1.156595708230381j)
(1.2723494077672197e-17+8.645920500747701e-17j),(8.614951656590351e-15+5.474131353053373e-15j),(-1.7190735247449087+0.28505086711936867j)
(-4.772785768837354e-17+7.40202996513595e-17j),(-1.8484661361533672e-14-3.7942493346334516e-16j),(-1.7190735247449065-0.28505086711937005j)
(-3.530010655019086e-17+6.75081989812933e-18j),(-8.426220751498667e-15+2.547492745032402e-15j),(-1.6950667686712448-0.1484273659820483j)
(1.6814866199333404e-16+7.173315126260036e-18j),(-1.0177767190872498e-14-1.1149528125734755e-14j),(-1.6950667686712364+0.14842736598204448j)
(6.051233890315619e-18-1.4579477646298357e-16j),(3.240377943218099e-15+6.274822865367607e-16j),(-1.69426462203575-1.1454498273804525j)
(2.4622944200886417e-17+1.0164742874846261e-16j),(3.2494677280746956e-16-5.38615290986461e-16j),(-1.694264622035743+1.1454498273804647j)
(1.1170601249833617e-16-5.333097612319853e-17j),(-6.796044144862213e-15+3.61845238780965e-14j),(-1.690118513730423-0.3323942838202269j)
(1.1775993275582252e-16+4.085832966139948e-17j),(-4.699026501554617e-14+1.1961972998331261e-14j),(-1.69011851373042+0.3323942838202326j)
(-0.0002447866668915443+5.69339070812422e-05j),(0.05316443833018533-0.009377311872383647j),(-1.6898368739539722+1.2298187611897644j)
(-0.0002447866668916635-5.693390708111037e-05j),(0.05316443833018514+0.00937731187238457j),(-1.6898368739539669-1.2298187611897677j)
(-1.2128913627748368e-17-8.097974691883154e-18j),(-8.171714609358606e-15+1.1796894819733679e-14j),(-1.6884726613586494+0.2146518012952419j)
(4.3064017554136955e-17+4.983145134213332e-18j),(3.731029430899715e-15+1.9457114223677877e-15j),(-1.6884726613586392-0.21465180129523584j)
(-4.251530878470361e-17+1.2065410766709719e-17j),(1.68585940831479e-15+2.0777341393627514e-15j),(-1.6872925621280879+0.48348472690269406j)
(3.320356255713419e-17-4.5745094888507077e-17j),(6.136384774390784e-16-1.7864603831407205e-15j),(-1.6872925621280719-0.4834847269026939j)
(-7.843995688833629e-17-2.0174735288708535e-17j),(6.242023593590263e-15+4.871089490379085e-16j),(-1.6867462771927701+0.6874801047299368j)
(9.577269640902514e-17+4.6612026376613796e-17j),(-1.0214225647052608e-14-7.372016998458901e-15j),(-1.686746277192754-0.6874801047299359j)
(6.985728621045955e-17-5.142509278706038e-17j),(5.600709348513456e-15+7.86335884883945e-16j),(-1.6866709183214814+0.9586757771396099j)
(1.964716180179201e-17+4.954108001432485e-17j),(-1.2789010022481567e-15-2.533663352838041e-15j),(-1.6866709183214794-0.9586757771396036j)
(0.00023744261441515028+0.000454160685604793j),(0.6236137537909937-0.09536076476731965j),(-1.6850956246810604+0.3834935079358818j)
(0.00023744261441527325-0.0004541606856047387j),(0.6236137537909354+0.09536076476727182j),(-1.6850956246810538-0.38349350793588055j)
(-1.613441102775602e-17-4.562436344787016e-18j),(-1.3532679860674451e-14-1.5098767595731213e-14j),(-1.6807003815498076-0.09819528788286946j)
(-2.5563001688376224e-18+4.7556095499623393e-17j),(5.345169389118475e-15-8.525558471192031e-15j),(-1.6807003815498045+0.09819528788287137j)
(-2.1422362328587084e-17-7.368299065565213e-17j),(-6.703099934339431e-16-1.0390096480814494e-15j),(-1.6806497979685076+1.194251975614009j)
(3.239284375040793e-17+2.164754804741615e-18j),(3.6588755703036326e-15+2.5462180199738427e-15j),(-1.6806497979685033-1.1942519756139933j)
(-5.076966799469317e-17-2.99405092647408e-17j),(-7.316574077535905e-17-1.80218891645705e-16j),(-1.680382249602652+2.6340009713303845j)
(-7.231410273857021e-17-4.7645900738410976e-17j),(1.8541044573832638e-16+6.615263722321444e-17j),(-1.6803822496026473-2.6340009713303973j)
(3.8229150394543253e-17+1.1361907096541493e-16j),(4.23150006355463e-15+3.775782459168221e-15j),(-1.679380591907543+1.0938618241756135j)
(-2.907487706820183e-17-1.0021116660222991e-16j),(-1.4289221851215362e-15+1.5064521060962491e-15j),(-1.6793805919075346-1.093861824175606j)
(3.6522346989640234e-17-2.886493273826721e-17j),(-4.2154100623236103e-16+3.106384354531392e-16j),(-1.6790392543428159+2.533627892159011j)
(6.422486673839663e-17-4.508108125448992e-17j),(-4.438933818349651e-16-9.973065648760796e-17j),(-1.6790392543428068-2.5336278921590134j)
(1.400251399684504e-16+8.649612473466559e-18j),(-5.670816006262248e-16+2.020614590026963e-15j),(-1.6784403264384233-2.0031903772532043j)
(1.045285795747129e-17+1.663540149488981e-17j),(5.054159841678844e-16-1.3008052001074206e-15j),(-1.6784403264384202+2.0031903772532043j)
(-6.948945561704737e-17-3.123216801271878e-17j),(-4.432704019474202e-16-2.9156697785337434e-15j),(-1.673687947628248-1.416830490531256j)
(-4.1330065144512266e-17+8.421859386325634e-17j),(-3.2673611903703924e-15-1.8692078448036646e-15j),(-1.6736879476282454+1.4168304905312472j)
(7.657070858894236e-17-1.984581125222921e-16j),(2.508797101797368e-15+5.027786994920608e-15j),(-1.669976720310018-0.3355668833404759j)
(-1.2218791950181885e-17-3.9470101016977006e-17j),(1.901063275530503e-14+3.332142373897115e-14j),(-1.6699767203100129+0.33556688334047613j)
(-1.2216851885338983e-17+1.301791979596263e-16j),(2.0218627545080935e-15-9.43017529875672e-16j),(-1.666123827526427+1.1955878150854893j)
(-9.863019735596784e-17-1.420956711944066e-16j),(3.2984342527975393e-15-7.213243160845446e-16j),(-1.666123827526414-1.195587815085485j)
(8.291020663980887e-17+3.7384749413303596e-18j),(1.1306160244771995e-15+1.129494058417059e-15j),(-1.6656362953263046-1.5975990570585965j)
(-4.7467295405571736e-17+1.1243881614480796e-17j),(-5.077092596664285e-19+7.216619816442148e-16j),(-1.6656362953263038+1.5975990570585947j)
(-7.412888846567168e-17+1.6895077203014244e-17j),(-1.0217272811097408e-15+9.441791181047e-15j),(-1.6634309373789034+0.15608444000096053j)
(-2.979690099353764e-17+5.800530911089513e-18j),(-3.528541826014504e-15+8.661664684164134e-15j),(-1.6634309373789002-0.15608444000095778j)
(6.663505524621867e-17+9.313164529546424e-17j),(-1.0416819668401443e-15-3.3393862384287594e-15j),(-1.6617138524270048-1.0378922437902232j)
(-7.141541982268688e-17+5.035779017983289e-18j),(1.1514389380797128e-15+5.937238905633933e-15j),(-1.6617138524269948+1.0378922437902167j)
(1.1282122976112325e-17+3.2328744424286326e-17j),(1.1847419018393506e-14-2.512671357653868e-15j),(-1.6614119187262755+0.31031745140611544j)
(-3.995610793765734e-17+1.2127471867157119e-17j),(1.321968479580662e-14-2.148761247745378e-14j),(-1.6614119187262697-0.3103174514061098j)
(-2.909762183775794e-17-4.760788657169892e-17j),(9.166267802449033e-16+5.084551667651129e-16j),(-1.659582507897007+1.6963768834873796j)
(-4.69551004017392e-17+3.1851290886668e-18j),(1.2076252870722362e-15-6.130612739666995e-16j),(-1.6595825078969957-1.6963768834873751j)
(-1.3490560832697875e-16-1.0092324942742317e-16j),(-2.731338910877961e-14+1.4200244849945228e-14j),(-1.6595744339456602-0.5152977053203545j)
(1.1870594085391573e-16+1.7401504093499574e-17j),(2.1130126636572327e-14+1.2010092875552273e-14j),(-1.6595744339456493+0.5152977053203497j)
(3.287333250756048e-17-6.989140738927403e-17j),(6.074014596617654e-15-4.447259006507541e-15j),(-1.6568465288484968+0.24978132397523423j)
(8.160447391564624e-18+3.68081734415732e-17j),(-3.910229874186554e-15-7.242186655184788e-15j),(-1.6568465288484828-0.24978132397523695j)
(8.891749216565571e-18+5.619078958954116e-17j),(-4.7007544097619136e-15+1.181957784113602e-14j),(-1.656320670527009-0.8997604418780323j)
(1.1049253573817968e-16+3.8420391847386825e-17j),(2.9379773837433806e-15+6.797648184450297e-15j),(-1.6563206705269984+0.899760441878025j)
(1.3369554307914374e-17-2.401248584723102e-17j),(-2.275135926789056e-15+2.8805088590205398e-15j),(-1.6550556097510196+0.707836255341445j)
(4.3466892733883126e-18+1.136503822215233e-16j),(-5.482811024181838e-16-5.0253448621216655e-15j),(-1.6550556097510187-0.7078362553414341j)
(-7.989430840162912e-17-6.538678850802169e-17j),(1.4580018123078715e-14+6.955765540234469e-15j),(-1.6361847078387244-0.2674975372954842j)
(-3.654043034371199e-17-9.143918021755745e-17j),(2.2208465072979897e-15-2.105576458218139e-15j),(-1.636184707838722+0.2674975372954852j)
(3.5934333446556134e-18+1.0838544898883018e-16j),(3.9178080120553085e-15+1.7087966725465802e-14j),(-1.6344020659718892+0.5741599031664262j)
(-1.6135072214475014e-17-2.599172062677985e-17j),(-6.533391087127374e-15-4.8649551398448415e-15j),(-1.6344020659718885-0.5741599031664371j)
(5.475631596257542e-17-2.1239024288048455e-17j),(6.7717167088787866e-15-3.4731747801040885e-15j),(-1.627692681341438-1.1205967597688486j)
(1.463986081195617e-16+2.4154848364050484e-17j),(2.4262519796431114e-15+8.125582136188081e-16j),(-1.6276926813414343+1.1205967597688449j)
(1.884585950844709e-17-2.1724568818123016e-17j),(-6.1025153083794545e-15-4.16302297946447e-15j),(-1.6259501690005889+1.0783744500361294j)
(-8.149090643953747e-17+9.006015244790918e-18j),(9.884999005664948e-15+4.838824632693439e-15j),(-1.6259501690005829-1.0783744500361283j)
(4.1203608436916884e-17+6.810393500890377e-17j),(-1.897968435625895e-14-3.5653569041781787e-16j),(-1.5926732327350581-0.09366484270118032j)
(3.5993281550303515e-17+1.1410947417749284e-16j),(-1.6650504125862232e-14+5.369859033718289e-15j),(-1.5926732327350488+0.09366484270117724j)
(-2.766553880177812e-17+1.3064963111046792e-17j),(-3.958152871030478e-14+1.932162286760098e-14j),(-1.561655683753622-0.06511550055471871j)
(-7.736328870096633e-17-1.0036009272208821e-16j),(-6.995510203517333e-15-1.6078856554429146e-14j),(-1.561655683753617+0.0651155005547133j)
(-3.849628137089583e-17-1.6704837715853886e-17j),(-2.8301706486021188e-14-2.9619835002610867e-14j),(-1.5578774034235996-0.25235094252206697j)
(7.954023525871969e-17-4.3105889300040477e-17j),(4.604642584455661e-15+3.740484169596781e-15j),(-1.5578774034235956+0.2523509425220628j)
(2.7526257284739238e-17-7.712133261011699e-17j),(1.856582482559535e-16+7.986437191675011e-16j),(-1.5507808584360743-1.96111323615313j)
(-7.773210167378501e-17-7.359956294441349e-17j),(-1.1404654044762298e-16-1.1888029371272131e-15j),(-1.5507808584360607+1.9611132361531174j)
(2.1575293224421158e-17+5.040628822605938e-19j),(-6.3232882522063136e-15-8.920526388690579e-15j),(-1.5494842840558691+0.5186506153804307j)
(2.416243117028339e-17-4.9763924870268264e-17j),(-4.639427776598193e-16-7.335283114824898e-15j),(-1.549484284055864-0.5186506153804283j)
(5.181335884825662e-17+2.717939518922413e-17j),(5.024843108069547e-16-6.453017265736045e-16j),(-1.545200250020573+2.059498248635488j)
(-1.35725405528643e-16-3.772075012775202e-17j),(-4.429833604318905e-16+1.5279371737651708e-15j),(-1.5452002500205724-2.0594982486354803j)
(6.483122105558432e-17+5.1592028890157344e-17j),(-1.0858093141516363e-14+1.8323687511037836e-14j),(-1.5450824364443716+0.6134219107383913j)
(-2.313204327660686e-17-1.1671033415951194e-16j),(5.817514596824785e-15-4.025946229604491e-16j),(-1.5450824364443538-0.6134219107383895j)
(6.478436830925598e-17+3.1936323050893165e-17j),(-6.257821153777103e-15-1.928031508713083e-14j),(-1.5372365492277404-0.38960490900337963j)
(-5.33983837585439e-17+8.416264767361962e-17j),(-1.1745038113855161e-14-2.5674750872530092e-14j),(-1.5372365492277345+0.38960490900338063j)
(-4.537847624806428e-18-6.732492404392917e-17j),(2.681622677756904e-14+9.19410406930355e-15j),(-1.5368152999258164+0.49568886401006135j)
(-2.6058971491663334e-18+8.261319221758016e-17j),(3.4488943018150365e-14-5.608410043760416e-15j),(-1.5368152999258053-0.49568886401005463j)
(-8.433949955924773e-17-4.4993454873137496e-17j),(4.4630639392381314e-14+1.8991923785752816e-14j),(-1.5297822515434918+0.4692233381024531j)
(2.2155222297218481e-16+1.776412558342817e-17j),(-1.7583331728028808e-14+4.242080221121184e-14j),(-1.5297822515434871-0.46922333810245775j)
(4.116693812734941e-17-1.2968416464881342e-17j),(9.562980586493699e-16-1.1598812951181852e-15j),(-1.5217384926528639-0.9965024081264463j)
(-1.3969522718147187e-17-1.0395778851793912e-16j),(1.8442302780364376e-15+6.359849826794452e-15j),(-1.5217384926528545+0.9965024081264372j)
(1.3723449090397036e-17-1.1126770335370668e-16j),(1.0561936680490248e-14-9.875354076801347e-16j),(-1.5121058130656055-0.05856664089321047j)
(1.370258965615922e-17+3.716849687994455e-17j),(2.313530504717631e-15-2.878730800289621e-15j),(-1.512105813065605+0.058566640893208836j)
(-2.1427189021388246e-16-9.282684898488861e-17j),(7.427076011321284e-15+2.6087840615100516e-15j),(-1.4963227081053398+0.914219237132136j)
(1.7659778508235262e-17-1.1398346519034352e-17j),(5.709528514447426e-16-2.565994884286608e-14j),(-1.49632270810532-0.9142192371321233j)
(4.598416010178229e-17-6.146883148795868e-18j),(-8.773167652525833e-15-9.85109925967071e-15j),(-1.4760729228205003-0.3462855405905645j)
(1.650455672666418e-16+3.478820791842374e-18j),(-8.629405987056801e-15+2.4404321057137985e-14j),(-1.4760729228204978+0.3462855405905611j)
(-4.222003240488882e-18-2.9444685234915035e-17j),(1.1243708977161668e-15+1.0517088965924657e-15j),(-1.4680786660879728-1.4400000000000086j)
(-5.114937151464159e-17+1.6025218161942248e-17j),(2.61127371850584e-16+1.182642188499433e-15j),(-1.468078666087961+1.440000000000003j)
(1.0364611116894622e-06+1.9892921385002591e-16j),(8.559819519859957e-14+6.84766423151976e-14j),(-1.4680786660879468+1.5319357880683275e-15j)
(-6.073309557052668e-17+7.50983920681398e-17j),(-2.5176642865865286e-15-7.306917715299472e-15j),(-1.4640967528915956-1.0999999999999965j)
(1.0707226082681413e-18+2.6754474200142887e-17j),(6.815885707446768e-16-1.0795770500171167e-15j),(-1.464096752891588+1.1000000000000023j)
0j,0j,(-1.464096752891585-2.54j)
0j,0j,(-1.464096752891585-2.44j)
0j,0j,(-1.464096752891585-2j)
0j,0j,(-1.464096752891585-1.9j)
0j,0j,(-1.464096752891585-0.43999999999999995j)
0j,0j,(-1.464096752891585-0.33999999999999986j)
0j,0j,(-1.464096752891585+0.33999999999999986j)
0j,0j,(-1.464096752891585+0.43999999999999995j)
0j,0j,(-1.464096752891585+1.9j)
0j,0j,(-1.464096752891585+2j)
0j,0j,(-1.464096752891585+2.44j)
0j,0j,(-1.464096752891585+2.54j)
(-1.888842368143068e-17-7.862882002935181e-17j),(6.724646525515687e-15-4.185393347455636e-17j),(-1.4640967528915796+0.9999999999999922j)
(-1.1106076669380443e-17+8.717817331753951e-18j),(-6.489010990016608e-15-3.009655119966969e-15j),(-1.4640967528915765-1.000000000000003j)
(6.354321569087855e-18+3.0486558940006604e-17j),(-1.238642650865112e-15+1.3775276372567344e-15j),(-1.4554023431149583-1.6487249347188755j)
(3.7569644355475516e-17+6.711715700651567e-17j),(1.1844662903640474e-15+2.3225018637915975e-17j),(-1.4554023431149443+1.6487249347188735j)
(4.169310936821589e-17+2.928731880369426e-17j),(-2.455300431442412e-15+2.2757381841975676e-16j),(-1.4534816392762546+1.4787200139293524j)
(3.103060146110161e-17+1.0866513703048016e-17j),(-4.3120822228091795e-15-3.2795414276898585e-15j),(-1.4534816392762528-1.4787200139293624j)
(0.0016698923674436667-6.650742725413991e-16j),(-0.13207580865883695-1.1050674081739274e-13j),(-1.4514238241486985-6.393345907212527e-15j)
(4.6738087265122707e-17-8.306323800710561e-17j),(-5.665402052625317e-15+1.5737139177427132e-14j),(-1.4272985372808267+0.6676820201405488j)
(5.472743836524619e-17-1.5157475879707607e-17j),(-8.40237374772255e-15+4.545349128903073e-15j),(-1.4272985372808216-0.6676820201405489j)
(-1.0688089440787798e-16+2.2467639216200164e-16j),(-7.126361464584805e-15+5.730214324135594e-14j),(-1.4255443689379843+0.4765366599494514j)
(-4.4134864907810195e-16+6.19943609314934e-17j),(3.428149222791048e-16+6.154512892030429e-14j),(-1.4255443689379714-0.4765366599494518j)
(-1.3448418240490859e-18-4.811789446138814e-17j),(-1.5803574293176602e-14+6.280530480498186e-15j),(-1.4171686917046606-0.9112559886543448j)
(-9.638743135253431e-17+6.801912964045708e-17j),(8.226066385379312e-15+1.843547799652987e-14j),(-1.4171686917046409+0.9112559886543429j)
(-0.00171166385326344+0.0026084578059313475j),(1.4628154938071805+1.0538925841070053j),(-1.4134579715227453+0.45292362187495877j)
(-0.0017116638532638003-0.002608457805931003j),(1.4628154938072915-1.053892584106867j),(-1.4134579715227165-0.45292362187495516j)
(1.9626249046758084e-16+1.2904874438607337e-17j),(-8.978249099179255e-15-2.8201700885729455e-14j),(-1.4118872943635792-0.15973869573879776j)
(1.6158969705910747e-16+4.284361279071012e-17j),(4.948871755848687e-14-4.122647979041522e-15j),(-1.4118872943635705+0.1597386957387961j)
(-4.562816971739276e-16-4.961283110733203e-17j),(-7.228197352913369e-14+7.769681440864678e-14j),(-1.3989795627753623+0.42500936443482973j)
(-1.802382353903385e-16-1.2838637819972821e-16j),(-2.3785028431637356e-14+6.773353929624235e-14j),(-1.3989795627753512-0.4250093644348291j)
(0.0007913427594590269-0.0008325985656942379j),(-0.06230565259102499+0.17262976633901586j),(-1.3986178835553909+0.5138530784607405j)
(0.0007913427594587056+0.0008325985656949017j),(-0.06230565259093683-0.1726297663390531j),(-1.39861788355539-0.5138530784607465j)
(-2.9566985223549354e-18+4.323084752010699e-17j),(6.354321683527573e-17+1.0005392569715188e-15j),(-1.3978271520844934+1.3577821023440488j)
(-5.91618080515838e-17+9.190703405108037e-17j),(-9.90709338700967e-16-1.9060700149684564e-15j),(-1.3978271520844863-1.3577821023440417j)
(0.0008883401291871481-1.1638763228294432e-16j),(-1.4617018364250502+4.1905400861737084e-14j),(-1.3902600799467602+1.8618479430488287e-15j)
(1.8726349920781387e-16+5.240498899594186e-18j),(-3.5530430957162656e-14+2.978204789044796e-15j),(-1.3870989501342332-0.47713121642240564j)
(2.4522589690367415e-16-1.6264071263049365e-16j),(-6.3926488029041296e-15+8.96205946343843e-14j),(-1.3870989501342215+0.47713121642240575j)
(4.073610295233333e-17+1.52859627981093e-17j),(-3.8481054038751216e-15+2.255753458510434e-14j),(-1.3816765736589418-0.788243604339208j)
(1.721704606435031e-16+2.2700808463182395e-18j),(1.5469511771978804e-14-1.336005679551415e-14j),(-1.3816765736589234+0.7882436043392025j)
(-1.0043586066444635e-16-9.536511421834058e-17j),(-3.4459314986631167e-15-5.73978630169579e-16j),(-1.36534498074596+1.472833607356689j)
(-5.286737614729198e-17+1.7764415078356094e-17j),(8.099717213239127e-16-7.049575908345037e-16j),(-1.3653449807459483-1.4728336073566992j)
(1.3069732294559281e-18-6.986144413664621e-19j),(4.431460556392363e-18-9.677962015235368e-19j),(-1.352076656008396+2.9044385736703657j)
(8.531856051875709e-20+3.3453204881310554e-17j),(6.9534246256034195e-15+1.6992273956905782e-16j),(-1.3520766560083948-0.024438573670366746j)
(-2.1229632347591247e-17+3.713360608379856e-17j),(-1.0970150491421098e-15-5.753763921770573e-15j),(-1.3520766560083948+0.02443857367036718j)
(5.4573827232002676e-17-8.651542956396677e-17j),(-8.566767402339694e-16+1.2619713446908077e-16j),(-1.3520766560083946-2.9044385736703564j)
(4.577434322684657e-18-2.0863932977361987e-17j),(-2.7394727907383573e-16+5.849448979984563e-16j),(-1.3514900683641768+2.363909805182507j)
(-4.571877554973405e-17-9.640512601364538e-17j),(-5.560985159520439e-16+3.74625910168627e-16j),(-1.351490068364169-2.3639098051824727j)
(2.1769743801370835e-17-1.1731233739582138e-17j),(-3.131718301503196e-17-4.96096212547503e-16j),(-1.350851370479912+2.8040503389178744j)
(-4.8646120199682883e-17+8.734185174210735e-18j),(-2.0742208128988913e-15+1.799061071216365e-15j),(-1.3508513704799057-0.07594966108215465j)
(6.974808114288669e-17-2.452064590361216e-17j),(8.9538003682385e-17-1.3579997912340116e-16j),(-1.3508513704799054-2.8040503389178557j)
(-6.85051126875158e-17+1.2625837371302017e-17j),(-6.328637021604835e-17+6.391975139374025e-16j),(-1.3508513704798952+0.0759496610821553j)
(-9.618139590025803e-18-5.723925221605052e-17j),(-2.783418867203405e-16+1.1354184999264717e-15j),(-1.3501129004165573-2.263568995754563j)
(-5.862515180677597e-18+3.194174437205521e-17j),(8.1861898487807165e-16-2.6604650955351483e-16j),(-1.350112900416557+2.263568995754554j)
(0.000766788871668428+0.007134834105598829j),(-0.6763250844294157+0.6243013634082768j),(-1.345198865456156-0.9306539355511423j)
(0.0007667888716692382-0.007134834105599237j),(-0.6763250844294187-0.6243013634082831j),(-1.345198865456142+0.9306539355511417j)
(0.001812174691820282-3.6369598326840354e-05j),(0.23066809241194774+0.004629413436825591j),(-1.3380903097702752-3.115726647978908e-15j)
(5.678303038780308e-17+1.7558367836843906e-17j),(3.429342004160899e-16+1.1947572708956386e-15j),(-1.33743534312934-1.3292478471841975j)
(5.210382709886057e-17+4.607870318579464e-17j),(3.3982259391228213e-15-9.810304669465332e-16j),(-1.3374353431293264+1.329247847184182j)
(3.566635568504678e-17+5.0965087561316245e-18j),(3.485165932115463e-16-3.9594329444324158e-16j),(-1.3353765780802802+1.8651915507542547j)
(-5.2470554591651586e-17-4.005462959685658e-17j),(1.067273172113394e-15+3.718653138461424e-16j),(-1.3353765780802793-1.8651915507542507j)
(-1.2182149349622103e-16-2.798225040019096e-17j),(3.1314326448562538e-15+2.397316236834402e-15j),(-1.335376578080279-1.0148084492457465j)
(4.161114981069162e-17-3.9205721953981906e-17j),(1.042218618718911e-15-8.772300635813234e-16j),(-1.3353765780802753+1.014808449245743j)
(4.5302632757304615e-17+2.7824699885975834e-16j),(1.14343838122213e-14+6.046153709753968e-14j),(-1.3338792261958061+0.04058253659380306j)
(1.8520318820583154e-16-2.0872972789294866e-17j),(2.3293047730949634e-14-2.371213615409672e-15j),(-1.3338792261957995-0.04058253659380616j)
(1.1709303070440465e-17+5.636562509097196e-17j),(7.838779109297304e-16+1.8724849410898164e-15j),(-1.3310716464218784-1.4259269487183042j)
(1.2749441180417678e-17+5.672396214695982e-17j),(-1.11636151740983e-15+7.73087865030941e-16j),(-1.3310716464218701+1.4259269487182915j)
(1.5764150226126294e-16+1.8486270269480414e-16j),(3.917782799607144e-14-4.609785005679145e-15j),(-1.3308681294431148-0.921492636051287j)
(5.991050420294402e-19-1.7128989213895343e-19j),(-2.039310016219283e-18-1.126435639523304e-17j),(-1.3308681294431073+1.958507363948719j)
(1.337666574069549e-16-4.0816792000260173e-16j),(1.861254845602517e-15+1.1803002483727331e-14j),(-1.3308681294431064+0.9214926360512776j)
(-4.496475293955581e-17-2.1118783242298143e-17j),(7.477640083518559e-17+1.0983420590871923e-16j),(-1.3308681294431044-1.958507363948717j)
(9.304727924912693e-17-4.9994855359810966e-17j),(-4.752088074108691e-16-7.103612858027852e-17j),(-1.3157458803578324-1.4816670723783916j)
(-2.951501974365616e-17-4.1790232550175626e-17j),(1.05820848925344e-15-5.710994075997478e-16j),(-1.315745880357827+1.4816670723783956j)
(-7.283877188738819e-17+5.836447288663493e-17j),(-7.31115560057126e-16-6.9063221216439445e-16j),(-1.3136163589451397-1.3799531004135657j)
(-5.547071485503642e-17-1.671975775042371e-16j),(5.908970616577755e-17+2.780923069648005e-15j),(-1.3136163589451173+1.3799531004135503j)
(5.061070009626713e-17-8.229852952135402e-17j),(-1.0676065437735548e-14-1.4249028960183688e-14j),(-1.31010607158576-0.41394103938175764j)
(1.9478469009915934e-17-8.575100634218742e-17j),(-1.7041711856749439e-15-3.1390368080899765e-15j),(-1.3101060715857475+0.4139410393817593j)
(0.0024758105526042516+4.2537013700865224e-16j),(1.5522241054961685+5.70751972254498e-14j),(-1.3048606753970358-1.2873286408404947e-22j)
(-1.8017432560224571e-16-5.791078422676424e-17j),(-8.838748951904039e-16-8.009569566664765e-15j),(-1.2982195346691758+0.5046554609335836j)
(1.5997389199383056e-16+2.2248976214074668e-17j),(1.1843134181497536e-14+9.301240170764163e-15j),(-1.2982195346691427-0.5046554609335729j)
(-6.80790947518874e-17+3.153003201264608e-17j),(-1.2801987297036002e-14-5.322464498346001e-15j),(-1.2975249947101677+0.8597116707720327j)
(1.5373212703499709e-16+2.579563934685501e-16j),(-6.618595556982473e-14-2.0759774908808548e-14j),(-1.2975249947101584-0.8597116707720388j)
(1.09211394641492e-16+1.620876647223998e-16j),(3.902789544228676e-14-3.8145884828136466e-15j),(-1.28970861252604-0.7873366048799012j)
(7.001851813918308e-17+4.001495675820413e-17j),(6.227660320989927e-16+5.760956163449061e-15j),(-1.2897086125260249+0.7873366048798786j)
(-4.221671064146264e-17+1.1863703366610443e-16j),(1.195189236797048e-14+6.814518885841441e-15j),(-1.2837074035174272+0.5774781574505446j)
(4.822776534069285e-17-2.5730435064315404e-17j),(-7.853558427917302e-15+2.0830062244855303e-14j),(-1.2837074035174236-0.577478157450544j)
(3.5370796433534074e-17-5.7200369487228695e-18j),(2.7483319646197224e-15-5.997136464420259e-15j),(-1.2774475846146067-0.08462692161442088j)
(-2.9240621841567083e-17-2.6736723371033294e-18j),(2.268481080127636e-16+1.691314399873745e-14j),(-1.2774475846146027+0.08462692161441891j)
(0.0009869653259438722+0.0007712822310705419j),(0.08500990083605753+0.09125215905638924j),(-1.258555124609133-0.7860012741826968j)
(0.0009869653259439956-0.0007712822310708687j),(0.0850099008360388-0.09125215905638302j),(-1.2585551246091258+0.7860012741826854j)
(1.264414596910041e-16+8.612711279358925e-17j),(-4.740995605036977e-15-1.4193088926419297e-14j),(-1.252731128396477-0.4530886568340584j)
(9.663543917094566e-17+5.21805095613056e-19j),(-7.244136009426884e-15+1.2131681156806579e-15j),(-1.252731128396473+0.45308865683405836j)
(-3.875174495691027e-17+1.943452958954489e-17j),(4.653253552693716e-16-1.0739618121524399e-14j),(-1.2253504030216862-0.25619645057277135j)
(-2.2326747330599175e-17-1.0815522620854675e-17j),(5.603579500184136e-15-4.0374317767114545e-15j),(-1.2253504030216746+0.2561964505727742j)
(0.003426430737638126-0.0005193420011717931j),(0.23128144687835703+0.035055186768046614j),(-1.2205998562033764+1.9125436076036704e-15j)
(-1.9973706728137395e-17-6.411151903550513e-18j),(-2.1637996239890697e-16-1.0982408315920527e-16j),(-1.2201605905981354+2.2276999487556832j)
(-3.4228888031125836e-17+8.880961497344646e-17j),(1.2637885589653315e-15+1.4929355633720725e-15j),(-1.2201605905981332+0.6523000512443266j)
(-1.7906743894827948e-16-2.2079937584838687e-16j),(-7.274501769507751e-16+2.272966970137401e-16j),(-1.2201605905981245-2.2276999487556766j)
(-6.39787779695509e-17-5.992682005087879e-17j),(-1.804187866439266e-15+4.732975769847128e-15j),(-1.2201605905981163-0.6523000512443171j)
(5.821735187343087e-17-1.508387360948264e-16j),(-1.1585146224595063e-16+6.448178105711003e-16j),(-1.2200718083714042+1.6931692217117016j)
(2.81346640834243e-18-8.10782317981649e-17j),(-6.224780436647168e-16-1.1081242071081487e-16j),(-1.220071808371403-1.6931692217116971j)
(7.87789046742162e-17+6.10983824416937e-17j),(-8.43003853978813e-16-5.326058583410014e-16j),(-1.21769692732341-2.3219058323174266j)
(1.3745192635694666e-17+6.505405793875328e-18j),(2.4939997672317536e-17-4.951425573606371e-16j),(-1.2176969273234075+2.321905832317424j)
(-4.672647608595921e-17-4.846443830568997e-17j),(-1.4138944473923686e-15+7.110257394714831e-16j),(-1.2176969273234037+0.5580941676825701j)
(3.4211411549798955e-17+5.255387650706886e-17j),(-3.816015133666556e-15+2.5256739633428107e-15j),(-1.2176969273233984-0.5580941676825714j)
(-1.38058819579317e-16-5.328292926390795e-17j),(4.0374477645903435e-14-2.6527347065647833e-14j),(-1.216937697207992+0.04113112168346465j)
(-1.0308217394278929e-16+2.957407101477861e-16j),(2.2053668838734416e-13+3.4387102313980136e-14j),(-1.216937697207991-0.04113112168346273j)
(9.569326907131986e-18-4.8450675484869775e-18j),(-6.387062348994763e-16-3.2772948452709297e-16j),(-1.2148152685080613+1.7898523711882097j)
(1.1681447855307414e-16-3.809520244534727e-18j),(-5.486616963055595e-16-1.7990375312421737e-15j),(-1.2148152685080569-1.7898523711882037j)
(-3.192355381178574e-17+7.019369217651632e-17j),(-6.174614154702283e-15-6.578041340449786e-15j),(-1.1988635232355807+0.1731973284741379j)
(-7.187849505484097e-17+8.009457449745025e-18j),(-3.3177175102542446e-15-3.0152883974965432e-15j),(-1.1988635232355678-0.17319732847413546j)
(-0.00689447815523715-4.2432292176345435e-16j),(-1.9022774736864445+6.789625460297193e-15j),(-1.1711944716868494+1.2792756943680028e-15j)
(6.143398435120823e-17+1.279685422919266e-17j),(1.1221086636258357e-15+5.160282654229745e-16j),(-1.1674386256581093-1.368137766157254j)
(8.819673552067454e-17-3.499610405567547e-17j),(-5.771478984708413e-16-5.617895878294042e-16j),(-1.1674386256580997+1.3681377661572607j)
(7.582938315105284e-17+1.3120767132636279e-16j),(-9.924709561992494e-16-1.769406580335262e-15j),(-1.1585028586019466-1.2691863040304008j)
(2.3857498097364494e-17-6.986556972688235e-17j),(2.463387609121255e-16+1.3912599028781007e-16j),(-1.1585028586019417+1.2691863040303937j)
(2.7724841046909785e-17-2.0178070991325586e-16j),(5.643696788524176e-15-1.2656528858461027e-14j),(-1.1570688323467095+0.26846744076493395j)
(-7.42122993566812e-17+6.268369405356503e-17j),(-3.1043157835741046e-15+2.0686862636648138e-14j),(-1.1570688323466998-0.2684674407649328j)
(-6.95270373386393e-17+9.384965030594418e-17j),(-4.649003197059988e-14+5.716266724437654e-14j),(-1.156682316038797-0.2155093192756642j)
(-3.4450904651795023e-18+2.1868660156443695e-17j),(1.0777166275846674e-14-5.4643627034660413e-14j),(-1.1566823160387854+0.21550931927566735j)
(7.884901329806707e-17-9.328406838213593e-17j),(-9.275461849753392e-15+3.2232728536254386e-15j),(-1.1507923001393814+0.4046512237881819j)
(-1.0127532515518131e-17+1.5788692196856763e-16j),(-3.169613452266051e-15+6.658077255491497e-15j),(-1.1507923001393698-0.4046512237881882j)
(1.3954237944060373e-16-5.99160358115065e-17j),(2.558917109825932e-16+5.016718627456207e-16j),(-1.1354337917803732-2.17000000000001j)
(-3.2853527460908e-17+5.692906819724404e-18j),(3.7299978066693396e-16-3.3018399443904253e-16j),(-1.1354337917803718-2.2699999999999974j)
(-1.285272363596356e-18+7.415999331475949e-18j),(3.2812189690996994e-15-4.331038564693822e-16j),(-1.1354337917803687+0.7299999999999981j)
(3.247254354122587e-17+2.4116566872326405e-17j),(1.6630856835518284e-15+1.0932583966247167e-16j),(-1.1354337917803683+0.8300000000000043j)
(-1.3441348087851397e-17-1.4273393249046074e-17j),(1.7833767330146375e-15+2.1478110643795667e-15j),(-1.135433791780367-0.7300000000000058j)
(-7.659665378678541e-17-4.555885901386037e-18j),(-3.777393553155162e-16-1.373186600563621e-15j),(-1.1354337917803665+2.269999999999995j)
(-4.699958094394147e-17-1.825608066053001e-16j),(5.09818649887231e-16-7.880154134969968e-17j),(-1.135433791780363+2.1699999999999973j)
(4.038094352330962e-17+6.33502410810542e-17j),(-1.9525868378942126e-16+6.168646918647951e-16j),(-1.1354337917803623-0.8299999999999991j)
(-1.541218728269852e-16-1.5586493785654535e-17j),(-3.730002177732319e-15+1.855102915547691e-15j),(-1.1259033027701049+1.1708828002930614j)
(-1.2939596445677522e-16-1.4576059696740514e-16j),(1.8754664408807367e-15-2.6387300948195715e-15j),(-1.125903302770082-1.1708828002930698j)
(4.4637525298080016e-17+3.617467339709956e-17j),(-1.9674116505851816e-15+3.805810466419399e-15j),(-1.1124730361159456-0.7753473471052016j)
(5.1887216672156466e-17+4.7930840808256646e-17j),(-2.9667063580038966e-15+3.4950044088278318e-15j),(-1.112473036115944+0.7753473471052056j)
(6.565976023395288e-17+2.4718515963811683e-16j),(5.523453180969998e-16-4.088280500063165e-15j),(-1.0942862598828487+0.24287910931057377j)
(7.30992298124142e-18-1.5494819936971078e-17j),(2.902974007604653e-15+5.39245966431273e-16j),(-1.0942862598828387-0.24287910931057247j)
(-0.003118339961100173-0.0008795748777667037j),(0.18023191697746754-0.062307707720659924j),(-1.0794525334775125+0.5108001724330237j)
(-0.003118339961100573+0.000879574877766506j),(0.18023191697746938+0.06230770772066971j),(-1.0794525334775091-0.5108001724330248j)
(1.3106362866075423e-16+9.209883872197426e-17j),(-4.220884673987668e-15+3.1566472180884534e-15j),(-1.0722112432337678-0.8034773971861437j)
(3.7881321940456647e-17-9.337175653575818e-17j),(-7.18271016503342e-15-1.8892734662352724e-15j),(-1.072211243233761+0.8034773971861546j)
(-4.0779175230172474e-17+1.5085097657086717e-17j),(3.5307585755556658e-15+6.346699454110738e-17j),(-1.0616366008642624+0.269198595409043j)
(-4.831834860029591e-17+2.4102943579200663e-16j),(-4.781799041200584e-16-8.779536098407127e-15j),(-1.0616366008642604-0.26919859540904395j)
(7.997310953593507e-17+2.4734366183538025e-17j),(5.875579778092022e-15+1.9586040011040018e-15j),(-1.0557667435288705+0.16936162559784065j)
(5.506412068807372e-17-6.86769649339536e-17j),(5.342140440926199e-15+4.3060603506040785e-15j),(-1.0557667435288545-0.16936162559783546j)
(2.922392243083416e-17-5.685200717530902e-17j),(-6.244461923772121e-15+6.682479094379489e-15j),(-1.0307639448677335-0.1121811673024198j)
(1.9258120251821405e-16-9.625488882790294e-17j),(-1.504987484832987e-14-1.6118060181902044e-16j),(-1.0307639448677304+0.11218116730242063j)
(3.433639384162235e-17-7.12668693634529e-18j),(2.440579095759635e-16+2.630646736174149e-16j),(-1.0279351827929017+1.801399958807455j)
(1.932124343852485e-16-3.0883480321253784e-17j),(-4.366740357461679e-16+1.1320517098369287e-15j),(-1.0279351827928929-1.8013999588074427j)
(7.319549714144209e-17-1.3720326710388643e-16j),(-2.8696923396252213e-16-6.436717452620377e-16j),(-1.023192690435384-2.63434131923353j)
(-9.054549456720824e-17-2.4083837983390384e-16j),(6.621270210424875e-16+1.2118708373457324e-16j),(-1.023192690435378+2.6343413192335396j)
(6.905150851013979e-17+2.911424140781999e-17j),(-1.619340353693601e-15+3.612852187828864e-15j),(-1.022925811453968-1.1940961544214783j)
(-1.1177657607348058e-16+5.817463331766664e-17j),(2.767615755931533e-17+3.5614492692612115e-16j),(-1.0229258114539597+1.1940961544214719j)
(-3.5144842576908465e-17-8.773065517413442e-17j),(-1.2714889624333914e-16-3.755363679430117e-16j),(-1.0219258159275122-2.5339800741310547j)
(4.030603400360473e-17+2.6335675062387104e-17j),(2.809795173619046e-16+2.6486599247355653e-16j),(-1.0219258159275024+2.533980074131028j)
(-6.72552012514703e-18+1.3393951272979905e-16j),(1.6965706666697647e-15+4.477678834991644e-15j),(-1.021585945348897+1.0937529095437164j)
(-5.954628595281658e-17-1.4917839543200356e-16j),(2.5513289742890527e-15+1.1611895963589079e-15j),(-1.0215859453488922-1.093752909543723j)
(9.161121440807481e-17+5.293403260316015e-18j),(-3.735066783019626e-16+1.2081073981226841e-15j),(-1.0130331097421814+0.6127459028112685j)
(-1.128472873341381e-16+1.9619149598984085e-17j),(2.0236732551378525e-15-4.103197288485576e-15j),(-1.0130331097421765-0.6127459028112662j)
(1.184240883683863e-16+2.2928336494630282e-17j),(-7.695221550813092e-16+3.8469707479653463e-16j),(-1.0105782828912024-1.6958967694843197j)
(1.128499141368302e-16+4.5800073197474425e-17j),(-3.634621424546419e-16+1.0385946104943166e-15j),(-1.0105782828912007+1.6958967694843285j)
(-8.49709805604746e-17-1.5697452786708966e-16j),(3.2170655169473994e-16-8.106633468844227e-17j),(-1.010541741667001-1.2701841781212324j)
(-6.590349951283804e-17-3.7758014163815726e-17j),(1.332845916392142e-15-2.6490642906751065e-15j),(-1.010541741666991+1.2701841781212306j)
(-5.060500343013291e-17+6.311856676848453e-17j),(1.2465812358837826e-15+1.5574459129645285e-15j),(-1.0100736958793277+1.1703440280417305j)
(-4.215573345273189e-17+1.9733393712918008e-16j),(2.242324252035506e-16+1.187894425593605e-16j),(-1.0100736958793248-1.170344028041745j)
(-1.1584443980934853e-16-6.710026906987164e-17j),(2.7189269676205836e-15+1.3496733303787744e-15j),(-1.0080902799588305+0.15847621565976322j)
(-5.713327982489606e-17+2.3607511849893927e-17j),(-3.5093262276699897e-15+1.4971318295370378e-15j),(-1.0080902799588236-0.1584762156597689j)
(8.629439267507483e-17-3.2506540836583715e-17j),(-2.1087492559353674e-16+8.977072262838124e-16j),(-1.0069399132703907+1.5964639159469625j)
(-9.223562346965646e-17-3.3084261419831205e-17j),(9.08541732987105e-16+5.157513815622051e-16j),(-1.0069399132703865-1.5964639159469642j)
(2.7686984070890103e-17-2.2853261765985536e-17j),(3.443132969528225e-16-7.975565760153996e-16j),(-1.0065702231594642-0.03614101047274912j)
(-1.69342373758275e-17+3.695160535375292e-17j),(-7.213268040152411e-15+7.489960488601817e-15j),(-1.00657022315946+0.0361410104727465j)
(1.5736436651944582e-17-1.0618812964947645e-16j),(-9.665975718554496e-16-4.697138243953888e-15j),(-1.004699720332391-0.7176912541676446j)
(5.160428036511495e-17+4.393352013168181e-17j),(4.168167728261761e-16-6.524597649528569e-16j),(-1.0046997203323775+0.717691254167644j)
(5.3939574545762505e-17+2.0579256029566681e-16j),(5.70528913477559e-15+2.4952402364219713e-15j),(-1.0032805034334995-0.2544570043655646j)
(-1.8748479392364245e-16+5.459166807157442e-18j),(-5.51737953334524e-15-2.8293160313420267e-15j),(-1.0032805034334964+0.2544570043655604j)
(-1.51964194398452e-16-5.134679247207467e-17j),(-8.174870694691137e-16+1.346902134711419e-15j),(-1.0027991903798548-1.6901919826125782j)
(3.871915969013873e-17+1.835134125635409e-18j),(4.585235756092547e-18+2.6700937098421954e-16j),(-1.0027991903798488+1.690191982612585j)
(-5.127957648307097e-19+1.9472947192351444e-16j),(-4.493452525607925e-14+1.8720725514810887e-16j),(-1.000881892411612-0.058323169190266415j)
(7.200312263657875e-17+7.934750164920182e-17j),(-3.895532920611676e-14-1.2522138263316797e-14j),(-1.0008818924116094+0.05832316919026439j)
(1.0693967828906304e-16-4.275292874165038e-17j),(-3.266715613583827e-15-2.7853810336247576e-15j),(-0.9950667447425132-0.6573958677194344j)
(-1.0264646217273059e-17-5.847726561860996e-17j),(9.035592592723176e-16-5.255705687999979e-16j),(-0.9950667447425025+0.6573958677194297j)
(-7.366412895349767e-17+2.886545424177357e-17j),(2.400614598624747e-15+3.275388063874631e-15j),(-0.9916902918220489-0.5833743438082125j)
(1.2692670714304012e-16+5.913616514198869e-17j),(4.196010827385222e-15-2.486952655670387e-15j),(-0.9916902918220424+0.5833743438082186j)
(-7.697935393222491e-17-5.584185616631755e-17j),(4.2795748812925046e-15+7.054258130515438e-15j),(-0.9385187975725022-0.744097603194724j)
(8.516470313974087e-17+2.2022914909753187e-16j),(1.0727298420218083e-15+1.4691367158740894e-14j),(-0.9385187975725011+0.7440976031947184j)
(0.000319214673662423-0.0001376831892240362j),(-0.05631842867319177+0.07679724091701824j),(-0.9336848023633282+0.6867280542928265j)
(0.0003192146736622866+0.0001376831892238538j),(-0.056318428673196974-0.07679724091702861j),(-0.9336848023633249-0.6867280542928301j)
(-5.475208081981692e-17+1.3308918324067734e-18j),(-2.6380700346616187e-16-1.793490216581982e-15j),(-0.9240808994947208-1.4138084659263646j)
(-7.192039062513216e-17-2.022152267138558e-17j),(1.3782785709044849e-15-1.2357500922752945e-15j),(-0.9240808994947124+1.4138084659263637j)
(-3.931755854042131e-18+7.520023306975708e-17j),(-8.390444370039912e-16-3.258035170072196e-16j),(-0.9219755354874752-1.2871344142124646j)
(1.1788785498190178e-16-1.1666031989361979e-16j),(7.903565894479421e-16+3.3287045101644465e-15j),(-0.9219755354874692+1.2871344142124617j)
(1.2724554126653244e-17+2.959523510457676e-17j),(-1.23972642086779e-15+2.1127639325857505e-15j),(-0.914124727503443-0.837851342831138j)
(2.3873621895760768e-17+4.5082542391199415e-18j),(-1.781689719082438e-15-2.4720418398806496e-15j),(-0.9141247275034313+0.8378513428311307j)
(3.268954760107467e-16+2.382497433998177e-16j),(-1.1370800170806717e-14-1.7049696900668167e-14j),(-0.9114286225875576-0.9134999740638047j)
(-1.2407357212288343e-16+2.252641251673375e-16j),(9.437735788502793e-16+2.503005515020417e-15j),(-0.9114286225875573+0.9134999740637961j)
(-9.695607260745325e-17+3.738078692534118e-17j),(1.6003941307219738e-15-7.197087180459454e-15j),(-0.9067037201689035-1.044870196581606j)
(1.5896765535232646e-17+1.6440242071286022e-16j),(-4.7064402972298754e-15-7.17519689163436e-15j),(-0.9067037201689028+1.0448701965815983j)
(0.00011746555843456514+0.0010204546825574312j),(0.01809419000845404-0.07618165168016097j),(-0.9028231796680424-0.9107352727149759j)
(0.00011746555843427339-0.00102045468255746j),(0.0180941900084522+0.0761816516801609j),(-0.9028231796680287+0.9107352727149712j)
(2.713826223826138e-17-2.25198521738083e-17j),(-4.646698492742193e-16-1.3451711992321683e-15j),(-0.8934806177193766-0.5219135302488027j)
(-2.1284456956425033e-16-2.1235858440892121e-16j),(-4.395694493639416e-15+4.288527882536544e-15j),(-0.8934806177193602+0.5219135302487988j)
(-1.1616995958793186e-17-5.789340952861507e-17j),(-3.61905830127208e-16+3.1326252380118457e-16j),(-0.8925205337806529+1.9590163122480377j)
(9.51035543059744e-17-8.111701125179841e-17j),(-3.4092088483579305e-16-4.466430186294536e-16j),(-0.8925205337806521-1.9590163122480444j)
(-0.0006620464172960275+2.470165203607768e-16j),(0.24666926844566833+2.2442509164260696e-15j),(-0.891862605835407+5.254035593505809e-16j)
(1.1059801304949864e-16-2.1528370065264336e-17j),(1.7150202811349984e-15-5.0591808060880986e-17j),(-0.8896190795532075-0.6192211733352145j)
(-1.1973377273849246e-17-5.04819366307821e-17j),(-3.062800861842937e-17-4.452073508640396e-16j),(-0.8896190795531821+0.6192211733352123j)
(7.79980305979396e-17-2.1026584067819263e-17j),(-3.3452866313610507e-16+6.592897941417449e-16j),(-0.8896073798223684+2.0544607980375944j)
(-2.4326169225094385e-17-5.077220874833554e-17j),(7.541841825240871e-16-5.336957954360746e-16j),(-0.8896073798223649-2.054460798037607j)
(7.443014275379981e-17-1.2719137892944106e-16j),(-1.7493503315298936e-15-1.8003572246281377e-15j),(-0.8252443813448402-0.9998975627172021j)
(-1.2328339715226896e-16-1.9219034260868638e-16j),(-5.665407710824128e-15+5.197411421707248e-16j),(-0.8252443813448254+0.9998975627171894j)
(-8.413362747474155e-18+3.8505725194560643e-17j),(-1.7694681393952642e-16+1.2382629085945348e-15j),(-0.8230292086294506+1.09960974949225j)
(-1.6464110791046533e-16+1.5188094892900597e-16j),(4.980773272202101e-15+1.8814928146678868e-16j),(-0.8230292086294472-1.09960974949224j)
(-1.5461056630855694e-17-1.3106821119975132e-16j),(6.609461019492695e-19-9.533464647935654e-16j),(-0.7988693953475561-1.001499326580891j)
(1.004456418285009e-16-6.338887877979951e-17j),(-8.370968100558006e-15+8.872231116232593e-16j),(-0.798869395347554+1.0014993265808787j)
(-7.833338519476412e-18+1.4479360734433859e-16j),(4.8122788574256885e-15-4.636411177865313e-16j),(-0.7954201060907556-0.901415772110226j)
(1.801137244710103e-16-9.997042414335518e-19j),(4.059937904016883e-15-1.6166587063685675e-15j),(-0.7954201060907461+0.9014157721102113j)
(-0.0005183314989085654+5.535934382793802e-16j),(0.758218684110691+8.752683671768077e-15j),(-0.7545765623582386+6.394640340708049e-15j)
(-3.7665266670988687e-17-1.76593218143188e-17j),(9.042743511515774e-16+6.826485409621717e-16j),(-0.7128394867988846+1.4819349708264058j)
(9.721544907128306e-17-3.613073633303603e-18j),(1.5422770680444312e-15+8.878175585080594e-16j),(-0.7128394867988808-1.481934970826412j)
(-6.2529358585869485e-18+5.688519563740363e-17j),(4.912865105850827e-16+7.744083050886619e-16j),(-0.7091768881582571-1.3831353250797576j)
(-2.834357270165964e-17-1.6112150038775838e-17j),(5.927526838253934e-16+1.3009763471669933e-16j),(-0.7091768881582483+1.3831353250797467j)
(2.1111460103767714e-17-1.6486906640175759e-16j),(3.3811646042126118e-15-1.5827031345497347e-16j),(-0.6946829792133831-0.4060339786214755j)
(-2.0465064212476948e-16-1.4494843576766843e-16j),(-1.8873725920101427e-15+4.175821426842969e-16j),(-0.694682979213376+0.4060339786214834j)
(-1.316399842724003e-16+1.1748191372311835e-16j),(-2.9248318267226863e-15+1.0677335573139194e-15j),(-0.6916272135812818+0.5011457646131869j)
(3.380975081948563e-16-2.177179645803044e-17j),(-1.4546718557258622e-15+1.2086447294557647e-15j),(-0.6916272135812808-0.5011457646131895j)
(1.3321211359479561e-17+4.678519740685725e-17j),(-6.768876070416357e-16-1.085720553246816e-16j),(-0.6747983767716488-1.4400000000000024j)
(9.306268954566908e-18-2.588862398798232e-17j),(6.678994273852827e-17-3.1279738655666337e-16j),(-0.6747983767716413+1.4399999999999877j)
(-0.002163348200589702-2.6320000872166433e-16j),(0.0010390797602073051+2.3476028053816435e-16j),(-0.6745333317448823+7.422870864256292e-16j)
(-1.6154842299877253e-17-6.105788506567576e-17j),(4.616672868759271e-16-6.044002681572737e-17j),(-0.6690643354237087+1.539808385234536j)
(6.168281107174137e-17+1.501248446289198e-16j),(1.2340367041094863e-15+9.704589753008238e-17j),(-0.669064335423702-1.3401916147654538j)
(1.204454245481262e-16-2.024095478208792e-17j),(-5.2172513800034565e-17+2.810600696072097e-17j),(-0.6690643354237005-1.539808385234536j)
(-5.148794593830886e-17-5.113321558229915e-17j),(-7.32700076837314e-16-3.5835548662962185e-17j),(-0.6690643354236956+1.3401916147654531j)
(2.101267031523365e-16+4.907485021925926e-18j),(5.512442868081136e-15-7.253141834169431e-15j),(-0.6688791044567686+0.09981509899150497j)
(-2.386518332244327e-16-9.347025737165103e-17j),(-3.257373105644641e-15+3.6833439305168196e-15j),(-0.6688791044567621-0.09981509899151132j)
(-0.003163707602131518-0.0028010098972017653j),(0.05763787975933679-0.03243667263690077j),(-0.6632284271712049+0.7800916903953266j)
(-0.0031637076021314744+0.0028010098972017674j),(0.0576378797593374+0.03243667263690072j),(-0.6632284271712041-0.7800916903953279j)
(9.627715291671279e-17+1.2968047336447473e-16j),(-2.310651670001107e-15+1.6039305424578057e-15j),(-0.65732592222244-4.0419056990259605e-16j)
(-9.309599334355577e-18+9.26638565016213e-18j),(1.9101260829855408e-16-9.554145763085964e-16j),(-0.6573259222224388-1.4399999999999977j)
(-3.231834826341787e-17-1.265734485471136e-17j),(-3.306436310856653e-16-6.579998184353384e-16j),(-0.6573259222224298+1.4399999999999915j)
(-1.251093703559535e-16+8.640615085244334e-17j),(1.4226641330280301e-15+2.8291673619678493e-15j),(-0.6480817134807826-0.8737916749114938j)
(-1.1811022505549335e-16+1.421091178735524e-16j),(-1.4329544616430564e-15-2.892955130772946e-16j),(-0.6480817134807663+0.8737916749114845j)
(-3.102488241510496e-17+2.702616069674091e-18j),(1.4253095868512226e-15+3.5985889126542666e-16j),(-0.4462876030540381-1.0716195889796694j)
(6.730478852332854e-17-1.1014352382143402e-16j),(2.6479143674453754e-15-5.062032102940621e-16j),(-0.44628760305402837+1.071619588979667j)
(-1.345772266894019e-16-1.1976951757434796e-16j),(-2.5229415606934533e-16-2.078199933497545e-15j),(-0.44570624283381377+1.1712052121012353j)
(-7.2082755149294e-17+1.1017889101719179e-16j),(2.2821147901261387e-15+2.598059558405957e-18j),(-0.44570624283381105-1.1712052121012326j)
(-1.0112247832002005e-17+6.849244742413371e-17j),(-3.630755299952534e-16+6.088977760793344e-16j),(-0.4156073217795854+1.270483067634868j)
(-1.414602934525231e-16-1.0971306199351474e-16j),(6.645080162012683e-16-8.593228205177514e-16j),(-0.4156073217795843-1.2704830676348682j)
(-1.936935434139841e-16-2.273738834699031e-17j),(2.3541371845213227e-16+8.772510661254408e-16j),(-0.4038481778422743-1.1707173059641158j)
(-1.3056138933398255e-16-1.8963087889006192e-17j),(-1.1102509671662922e-15-8.865225925054372e-17j),(-0.4038481778422689+1.1707173059641118j)
(9.700172718540272e-17-7.725812818192476e-17j),(1.2969942389630722e-16+1.9438358599401763e-15j),(-0.36605152299201765+0.27001026845210996j)
(1.4499534932957311e-16+2.3929742144450286e-16j),(-1.5030656150180312e-16-1.6880191525006918e-15j),(-0.3660515229920088-0.270010268452097j)
(-1.3723555000726583e-16+2.694183253487578e-16j),(1.351935935361781e-15-3.8240583159240093e-16j),(-0.3597117263347978-0.1701842698940374j)
(6.297809972968939e-16+4.4934628160068216e-18j),(-1.8141420020965627e-15-2.6096046778816257e-15j),(-0.3597117263347911+0.1701842698940387j)
(-1.0716914890159681e-18+1.7260704920922492e-16j),(-1.7893962953390983e-15-1.8178635808457812e-15j),(-0.3588854920585674-0.3698058216711884j)
(1.4846128342146632e-16-4.4213537621031735e-17j),(7.321217387082855e-16-1.415801036723852e-16j),(-0.3588854920585589+0.3698058216711862j)
(-9.499342397733583e-17+2.933355754563296e-16j),(-8.12935139721711e-16+5.581896302378166e-16j),(-0.3456406448620865-0.2700371394215456j)
(1.3616669335387999e-17-4.815315684825521e-16j),(-1.4810827897916134e-15+2.6718127152867484e-15j),(-0.34564064486208057+0.2700371394215434j)
(0.24631939212441178+2.1429474721948852e-16j),(0.023297753836519112+1.5314490784701475e-15j),(-0.02512514643269623-7.189781505769502e-16j)
(9.704738523196154e-16+1.1251633664586666e-15j),(-9.065760745663572e-16-5.207431945479893e-16j),(-0.016624632858765767-0.09973380712607954j)
(-5.890110221266492e-16-1.566615009011786e-15j),(-9.656692711214706e-16-4.621727743250798e-16j),(-0.01662463285876089+0.09973380712607692j)
(0.20412414523192274-3.887026146001448e-15j),(0.2021257657012881+1.940752120138643e-15j),(1.5134490229592996e-15-6.003650269281097e-17j)
